Time (hr),Theobromine_C(t) (µM),Theobromine_IKK_inhibited(t),Theobromine_N(t),Epicatechin_C(t) (µM),Epicatechin_IKK_inhibited(t),Epicatechin_N(t),Catechin_C(t) (µM),Catechin_IKK_inhibited(t),Catechin_N(t)
0.0,13.876554174067497,1.9999722468916519,0.0,8.612670961518587,1.999982774658077,0.0,8.612670961518587,1.999982774658077,0.0
0.01603206412825651,13.807281005253488,1.9999723854379894,0.031935531155607724,8.574017605914117,1.9999828519647882,0.03193569876519438,8.571700619318609,1.9999828565987614,0.031935698806296056
0.03206412825651302,13.738353655138944,1.9999725232926897,0.06361607472822872,8.535537725170828,1.9999829289245497,0.06361640764310028,8.530925172401114,1.9999829381496552,0.06361640779407061
0.04809619238476953,13.66977039736177,1.9999726604592052,0.09504368443726643,8.49723054073983,1.9999830055389185,0.09504418036701931,8.490343693652266,1.9999830193126127,0.0950441807004478
0.06412825651302605,13.601529514178043,1.9999727969409717,0.1262203786255317,8.459095277566313,1.9999830818094448,0.12622103530442133,8.449955260368494,1.9999831000894792,0.12622103589115316
0.08016032064128256,13.533629296418997,1.999972932741407,0.15714816067992346,8.421131164073904,1.9999831577376719,0.15714897589713941,8.409758954235516,1.9999831804820916,0.15714897680216006
0.09619238476953906,13.466068043448205,1.9999730678639132,0.18782901801240762,8.383337432149021,1.9999832333251357,0.18782998961612662,8.369753861307455,1.9999832604922774,0.1878299908978111
0.11222444889779558,13.398844063118995,1.9999732023118737,0.21826492197790043,8.345713317125359,1.9999833085733658,0.21826604783814413,8.329939071986061,1.999983340121856,0.21826604955334533
0.1282565130260521,13.33195567173206,1.9999733360886565,0.24845782794253374,8.3082580577684,1.9999833834838845,0.24845910591350437,8.290313681000026,1.999983419372638,0.24845910811938207
0.1442885771543086,13.265401193993291,1.999973469197612,0.278409676405135,8.270970896260025,1.9999834580582074,0.27841110404596164,8.250876787384406,1.9999834982464253,0.27841110685654075
0.16032064128256512,13.19917896297182,1.9999736016420742,0.3081223922664128,8.23385107818317,1.9999835322978436,0.30812396762457495,8.211627494460135,1.9999835767450111,0.30812397108159295
0.17635270541082163,13.133287320058264,1.9999737334253598,0.3375978843285305,8.19689785250657,1.999983606204295,0.3375996055874883,8.172564909813634,1.9999836548701804,0.3375996097113231
0.19238476953907813,13.067724614923188,1.99997386455077,0.36683804579169854,8.160110471569565,1.9999836797790569,0.36683991114135445,8.133688145276519,1.9999837326237095,0.36683991593279125
0.20841683366733466,13.002489205475769,1.9999739950215891,0.39584475636869726,8.123488191066961,1.999983753023618,0.3958467628694724,8.094996316905412,1.9999838100073661,0.3958467685167668
0.22444889779559116,12.937579457822672,1.9999741248410843,0.42461988024009556,8.087030270033988,1.99998382593946,0.424622026032189,8.056488544961839,1.99998388702291,0.4246220325982022
0.24048096192384769,12.872993746227118,1.9999742540125076,0.45316526588586176,8.05073597083129,1.9999838985280582,0.45316754940386483,8.01816395389223,1.9999839636720922,0.45316755688643523
0.2565130260521042,12.808730453068172,1.9999743825390939,0.4814827468172834,8.014604559130012,1.9999839707908817,0.48148516648130685,7.980021672308008,1.9999840399566553,0.4814851748381649
0.2725450901803607,12.744787968800232,1.9999745104240625,0.5095741436429155,7.978635303896947,1.9999840427293922,0.509576696329828,7.942060832965777,1.999984115878334,0.5095767057590969
0.2885771543086172,12.681164691912706,1.9999746376706162,0.5374412615170888,7.942827477379731,1.9999841143450452,0.5374439454289136,7.904280572747606,1.9999841914388545,0.5374439560312154
0.3046092184368737,12.617859028889907,1.9999747642819423,0.565085890520232,7.907180355092127,1.99998418563929,0.5650887043259398,7.866680032641403,1.9999842666399348,0.5650887160824437
0.32064128256513025,12.554869394171142,1.9999748902612116,0.5925098061258244,7.8716932157993735,1.9999842566135684,0.5925127487159924,7.82925835772138,1.9999843414832845,0.5925127615500037
0.3366733466933867,12.492194210110997,1.9999750156115799,0.6197147725191541,7.836365341503575,1.999984327269317,0.6197178395701524,7.792014697128623,1.9999844159706057,0.6197178537914714
0.35270541082164325,12.429831906939823,1.999975140336186,0.64670253687714,7.801196017429189,1.9999843976079652,0.6467057278116904,7.754948204051739,1.999984490103592,0.6467057433463671
0.3687374749498998,12.367780922724423,1.9999752644381545,0.6734748329075492,7.76618453200856,1.999984467630936,0.6734781463340246,7.718058035707597,1.9999845638839286,0.6734781632184549
0.38476953907815625,12.306039703328928,1.9999753879205933,0.7000333810084325,7.731330176867522,1.9999845373396463,0.7000368151032774,7.681343353322184,1.9999846373132935,0.7000368332570646
0.4008016032064128,12.24460670237587,1.9999755107865953,0.7263798895066009,7.696632246811067,1.9999846067355065,0.7263834401115429,7.64480332211151,1.9999847103933557,0.7263834598062193
0.4168336673346693,12.183480381207465,1.9999756330392375,0.7525160511379312,7.662090039809072,1.9999846758199205,0.75251971631014,7.608437111262649,1.9999847831257775,0.7525197378485758
0.43286573146292584,12.122659208847054,1.9999757546815824,0.7784435448302714,7.627702856982108,1.999984744594286,0.7784473233895335,7.572243893914835,1.9999848555122122,0.7784473467511199
0.4488977955911823,12.06214166196077,1.9999758757166761,0.8041640359197877,7.593470002587286,1.9999848130599949,0.804167926937542,7.5362228471406665,1.9999849275543058,0.8041679520628657
0.46492985971943884,12.00192622481939,1.9999759961475503,0.829679176299536,7.5593907840041865,1.999984881218432,0.8296831790526289,7.500373151927392,1.9999849992536962,0.8296832058506032
0.48096192384769537,11.942011389260363,1.9999761159772216,0.8549906045680343,7.525464511720848,1.9999849490709765,0.8549947184949691,7.4646939931582965,1.9999850706120137,0.8549947468495879
0.49699398797595185,11.882395654650033,1.9999762352086907,0.8800999462474859,7.4916904993198115,1.9999850166190014,0.8801041708375151,7.429184559594159,1.9999851416308807,0.8801042006142304
0.5130260521042084,11.823077527846069,1.9999763538449442,0.9050088150953042,7.458068063464234,1.999985083863873,0.9050131486170645,7.393844043854811,1.9999852123119124,0.9050131796849437
0.5290581162324649,11.76405552316005,1.9999764718889537,0.9297188118731816,7.424596523884065,1.9999851508069522,0.9297232521680133,7.35867164240078,1.9999852826567153,0.9297232847062817
0.5450901803607214,11.705328162320267,1.9999765893436754,0.9542315245011361,7.391275203362283,1.9999852174495933,0.9542360696797901,7.323666555515018,1.999985352666889,0.9542361037342739
0.561122244488978,11.646893974434695,1.999976706212051,0.9785485285343973,7.358103427721185,1.9999852837931447,0.9785531763252915,7.2888279872847175,1.9999854223440254,0.9785532119940299
0.5771543086172344,11.588751495954146,1.999976822497008,1.0026713873257804,7.3250805258087635,1.9999853498389484,1.0026761350038025,7.254155145583218,1.9999854916897088,1.0026761724488436
0.5931863727454909,11.530899270635622,1.9999769382014587,1.026601652188061,7.292205829485109,1.999985415588341,1.0266064965052952,7.219647242051992,1.999985560705516,1.026606535963209
0.6092184368737474,11.47333584950584,1.999977053328301,1.0503408625563475,7.259478673608903,1.9999854810426527,1.0503457996735384,7.18530349208272,1.9999856293930158,1.0503458414658382
0.625250501002004,11.416059790824937,1.9999771678804183,1.0738905440158568,7.226898396023957,1.999985546203208,1.0738955715692078,7.151123114799454,1.9999856977537704,1.0738956161126771
0.6412825651302605,11.359069660050356,1.9999772818606798,1.0972522067218669,7.1944643375458135,1.999985611071325,1.0972573270257702,7.117105333040859,1.9999857657893338,1.0972573741106864
0.657314629258517,11.302364029800934,1.9999773952719404,1.120427351697211,7.162175841948414,1.999985675648316,1.1204325641221828,7.08324937334255,1.9999858335012533,1.1204326132701816
0.6733466933867734,11.245941479821129,1.9999775081170403,1.1434174681269993,7.130032255950814,1.9999857399354881,1.1434227711241456,7.049554465919491,1.999985900891068,1.1434228223678566
0.68937875751503,11.189800596945464,1.999977620398806,1.1662240333663794,7.0980329292039785,1.9999858039341416,1.1662294253235346,7.016019844648509,1.9999859679603107,1.1662294787049148
0.7054108216432865,11.13393997506313,1.9999777321200498,1.1888485130485156,7.066177214277607,1.9999858676455715,1.1888539922712802,6.9826447470508635,1.9999860347105058,1.1888540478442713
0.721442885771543,11.078358215082762,1.9999778432835698,1.2112923611925683,7.034464466647046,1.9999859310710668,1.2112979258841006,6.949428414274914,1.9999861011431714,1.211297983717469
0.7374749498997996,11.023053924897402,1.9999779538921503,1.2335570202545456,7.002894044680248,1.9999859942119107,1.2335626685512313,6.916370091078866,1.9999861672598178,1.2335627287315938
0.7535070140280561,10.968025719349631,1.9999780639485614,1.2556439203702354,6.971465309624783,1.9999860570693808,1.2556496512411581,6.883469025813598,1.9999862330619484,1.2556497138684464
0.7695390781563125,10.913272220196882,1.9999781734555595,1.2775544805144432,6.940177625594921,1.9999861196447488,1.2775602930941068,6.850724470405573,1.9999862985510592,1.2775603580300543
0.785571142284569,10.858792056076904,1.9999782824158878,1.2992901085753301,6.909030359558762,1.9999861819392808,1.2992960014717785,6.818135680339825,1.9999863637286392,1.2992960687370165
0.8016032064128256,10.80458386247344,1.999978390832275,1.3208522012280444,6.878022881325431,1.9999862439542373,1.3208581730239517,6.78570191464304,1.9999864285961708,1.3208582426469577
0.8176352705410821,10.75064628168202,1.9999784987074367,1.3422421440324543,6.847154563532331,1.9999863056908729,1.3422481932780181,6.753422435866694,1.9999864931551283,1.3422482652925858
0.8336673346693386,10.696977962775991,1.9999786060440745,1.3634613115308811,6.816424781632439,1.9999863671504368,1.3634674367315955,6.721296510070304,1.99998655740698,1.363467511178526
0.8496993987975952,10.643577561572647,1.999978712844877,1.384511067345831,6.785832913881681,1.9999864283341722,1.3845172669492092,6.689323406804723,1.9999866213531865,1.384517343878157
0.8657314629258517,10.590443740599591,1.9999788191125187,1.4053927640410229,6.755378341326345,1.9999864892433175,1.4053990366589717,6.657502399095542,1.9999866849952017,1.4053991161304458
0.8817635270541081,10.537575169061217,1.9999789248496618,1.426107743053691,6.725060447790564,1.9999865498791045,1.426114087799537,6.625832763426559,1.999986748334473,1.4261141698146758
0.8977955911823646,10.484970522805385,1.9999790300589544,1.4466573354335728,6.694878619863843,1.9999866102427604,1.4466637511273672,6.594313779723326,1.9999868113724406,1.4466638356477366
0.9138276553106212,10.432628484290264,1.9999791347430314,1.4670428616348354,6.664832246888653,1.9999866703355063,1.4670493469774035,6.562944731336777,1.9999868741105373,1.467049434025212
0.9298597194388777,10.38054774255132,1.9999792389045148,1.4872656315989259,6.634920720948074,1.999986730158558,1.4872721852651345,6.531724905026937,1.9999869365501899,1.487272274866936
0.9458917835671342,10.328726993168486,1.9999793425460137,1.5073269448465048,6.605143436853494,1.9999867897131263,1.5073335654740658,6.5006535909467,1.999986998692818,1.5073336576623009
0.9619238476953907,10.2771649382335,1.9999794456701234,1.5272280905693771,6.575499792132364,1.9999868490004158,1.5272347767466254,6.469730082625694,1.9999870605398347,1.5272348715613133
0.9779559118236472,10.225860286317385,1.9999795482794274,1.5469703475503531,6.545989187016015,1.999986908021626,1.5469770979750688,6.438953676954214,1.9999871220926462,1.5469771954656497
0.9939879759519037,10.174811752438105,1.999979650376495,1.566554984422605,6.516611024427513,1.999986966777951,1.5665617978923834,6.408323674167237,1.9999871833526517,1.5665618979459646
1.0100200400801602,10.124018058028392,1.999979751963884,1.5859832592222232,6.4873647099695875,1.99998702527058,1.585990134822426,6.377839377828513,1.9999872443212443,1.5859902377226769
1.0260521042084167,10.073477930903712,1.9999798530441382,1.6052564203592141,6.458249651912598,1.999987083500696,1.605263357079509,6.347500094814727,1.9999873049998105,1.6052634626402467
1.0420841683366733,10.023190105230405,1.9999799536197895,1.6243757062893722,6.429265261182567,1.9999871414694776,1.6243827029082487,6.317305135299739,1.9999873653897293,1.6243828111527339
1.0581162324649298,9.973153321493985,1.999980053693357,1.643342345604122,6.400410951349262,1.9999871991780973,1.643349400882723,6.287253812738906,1.9999874254923746,1.6433495118367039
1.0741482965931863,9.923366326467587,1.9999801532673471,1.6621575571196219,6.371686138614324,1.9999872566277228,1.662164669786445,6.257345443853464,1.9999874853091122,1.6621647834803912
1.0901803607214429,9.87382787318058,1.9999802523442536,1.6808225499651275,6.343090241799463,1.9999873138195163,1.6808297187008074,6.227579348614995,1.9999875448413027,1.6808298351721334
1.1062124248496994,9.824536720887343,1.9999803509265581,1.6993385233309677,6.314622682334692,1.9999873707546354,1.6993457470927966,6.1979548502299675,1.9999876040902995,1.6993458663880723
1.122244488977956,9.775491635036179,1.9999804490167299,1.7177066664421266,6.286282884246631,1.9999874274342315,1.7177139448480372,6.168471275124347,1.9999876630574498,1.717714066930873
1.1382765531062122,9.7266913872384,1.9999805466172256,1.7359281595213543,6.258070274146843,1.9999874838594518,1.7359354917148264,6.139127952928276,1.9999877217440942,1.735935616491859
1.1543086172344688,9.678134755237558,1.9999806437304894,1.7540041734055243,6.22998428122024,1.9999875400314375,1.7540115583323894,6.10992421646084,1.999987780151567,1.7540116858093329
1.1703406813627253,9.629820522878836,1.9999807403589542,1.7719358696145324,6.202024337213529,1.9999875959513256,1.7719433061891612,6.080859401714893,1.9999878382811966,1.771943436376885
1.1863727454909818,9.58174748007858,1.9999808365050398,1.7897244004303525,6.174189876423721,1.999987651620247,1.7897318875284394,6.051932847841958,1.9999878961343043,1.7897320204440608
1.2024048096192383,9.533914422794004,1.9999809321711544,1.8073709089751784,6.14648033568668,1.9999877070393286,1.8073784454269153,6.023143897137208,1.9999879537122058,1.8073785810948375
1.2184368737474949,9.486320152993022,1.999981027359694,1.8248765292886617,6.1188951543657275,1.9999877622096913,1.8248841138723009,5.994491895024509,1.99998801101621,1.8248842523251985
1.2344689378757514,9.438963478624242,1.9999811220730428,1.8422423864042379,6.091433774340305,1.9999878171324512,1.842250017840057,5.965976190041527,1.9999880680476199,1.8422501591198044
1.250501002004008,9.391843213587123,1.9999812163135728,1.8594695964245458,6.064095639994679,1.99998787180872,1.8594772733692175,5.937596133824933,1.9999881248077322,1.8594774175277629
1.2665330661322645,9.34495817770225,1.9999813100836445,1.8765592665959383,6.036880198206697,1.9999879262396036,1.8765669876373154,5.9093510810956476,1.9999881812978377,1.8765671347374955
1.282565130260521,9.298307196681789,1.9999814033856067,1.8935124953820834,6.009786898336602,1.9999879804262033,1.8935202590344047,5.881240389644175,1.9999882375192206,1.8935204091507032
1.2985971943887775,9.251889102100066,1.9999814962217959,1.9103303725193705,5.982815192215886,1.9999880343696155,1.910338177236182,5.853263420316001,1.9999882934731594,1.9103383304554278
1.314629258517034,9.205702731364312,1.9999815885945373,1.9270139781904707,5.9559645341362035,1.9999880880709318,1.927021823276208,5.825419536997059,1.999988349160926,1.9270219796982138
1.3306613226452906,9.15974692768553,1.9999816805061446,1.943564384061755,5.929234380838323,1.9999881415312384,1.943572269282446,5.797708106599266,1.9999884045837868,1.9435724287747782
1.3466933867735469,9.114020540049546,1.99998177195892,1.9599826536354694,5.902624191501148,1.999988194751617,1.959990578036692,5.770128499046132,1.999988459743002,1.9599907405707964
1.3627254509018034,9.06852242318815,1.9999818629551536,1.9762698419013176,5.876133427730761,1.9999882477331445,1.976277804515345,5.742680087258427,1.9999885146398255,1.9762779701076933
1.37875751503006,9.023251437550439,1.9999819534971248,1.9924269953976397,5.849761553549542,1.9999883004768928,1.992434995306392,5.715362247139931,1.9999885692755057,1.992435163968379
1.3947895791583165,8.978206449274255,1.9999820435871014,2.008455152271436,5.823508035385318,1.9999883529839293,2.0084631886168505,5.688174357563237,1.999988623651285,2.008463360353376
1.410821643286573,8.933386330157804,1.9999821332273398,2.024355342337235,5.797372342060566,1.9999884052553158,2.0243634143325857,5.661115800355634,1.9999886777683993,2.024363589140499
1.4268537074148295,8.888789957631381,1.9999822224200847,2.0401285871347987,5.77135394478167,1.9999884572921105,2.040136694076979,5.634185960285047,1.9999887316280793,2.040136871943387
1.442885771543086,8.844416214729273,1.9999823111675705,2.0557758999856777,5.7454523171282235,1.9999885090953657,2.0557840412684505,5.607384225046053,1.9999887852315499,2.0557842221688873
1.4589178356713426,8.80026399006176,1.9999823994720198,2.0712982860486044,5.719666935042368,1.9999885606661298,2.0713064611768326,5.580709985245954,1.9999888385800295,2.0713066450732867
1.4749498997995991,8.756332177787309,1.9999824873356444,2.0866967423737295,5.693997276818208,1.9999886120054464,2.0867049509786018,5.554162634390923,1.9999888916747313,2.0867051378174026
1.4909819639278556,8.712619677584845,1.9999825747606448,2.1019722579557025,5.668442823091237,1.9999886631143537,2.1019804998109564,5.5277415688722185,1.9999889445168622,2.1019806895205186
1.5070140280561122,8.66912539462622,1.9999826617492107,2.1171258140500147,5.643003056827842,1.9999887139938863,2.117134088824753,5.5014461879524506,1.9999889971076241,2.1171342813131755
1.5230460921843687,8.62584823954877,1.9999827483035209,2.132158385658623,5.617677463314837,1.9999887646450734,2.1321666912402217,5.4752758937519355,1.9999890494482124,2.1321668864628642
1.539078156312625,8.582787128428045,1.999982834425743,2.1470709390046943,5.592465530149048,1.9999888150689398,2.1470792737032878,5.449230091235087,1.9999891015398175,2.1470794719745165
1.5551102204408815,8.539940982750654,1.9999829201180346,2.161864432321879,5.567366747226951,1.9999888652665057,2.161872795304831,5.423308188196896,1.9999891533836236,2.161872996632835
1.571142284569138,8.497308729387255,1.9999830053825411,2.1765398161797336,5.542380606734346,1.9999889152387866,2.1765482066422575,5.397509595249465,1.9999892049808095,2.17654841103274
1.5871743486973946,8.45488930056568,1.9999830902213989,2.191098033541549,5.517506603136087,1.9999889649867937,2.191106450711372,5.371833725808606,1.9999892563325483,2.191106658166917
1.6032064128256511,8.412681633844182,1.9999831746367323,2.2055400198214343,5.492744233165849,1.9999890145115338,2.2055484629638724,5.346279996080497,1.999989307440008,2.2055486734832517
1.6192384769539077,8.370684672084835,1.9999832586306558,2.2198667029406565,5.468092995815951,1.9999890638140083,2.219875171364109,5.320847825048423,1.99998935830435,2.2198753849415294
1.6352705410821642,8.328897363427055,1.999983342205273,2.2340790033832323,5.443552392327214,1.9999891128952154,2.2340874964451043,5.29553663445955,1.9999894089267312,2.2340877130693957
1.6513026052104207,8.287318661261246,1.9999834253626774,2.2481778342507788,5.41912192617887,1.9999891617561476,2.2481863513638394,5.270345848811788,1.9999894593083023,2.24818657101758
1.6673346693386772,8.245947524202602,1.9999835081049515,2.262164101316618,5.394801103078524,1.9999892103977939,2.262172641955806,5.245274895340695,1.9999895094502094,2.2621728646143833
1.6833667334669338,8.20478291606501,1.9999835904341678,2.2760387030791347,5.370589430952143,1.999989258821138,2.2760472667888174,5.220323204006468,1.999989559353592,2.276047492419426
1.6993987975951903,8.163823805835106,1.9999836723523883,2.289802530814395,5.346486419934105,1.9999893070271602,2.2898111172160878,5.195490207480971,1.999989609019585,2.28981134577666
1.7154308617234468,8.123069167646447,1.9999837538616647,2.3034564690091357,5.32249158235729,1.9999893550168353,2.3034650774285743,5.170775341134842,1.9999896584493178,2.303465308866645
1.7314629258517034,8.082517980753822,1.9999838349640384,2.3170013956283357,5.298604432743207,1.9999894027911345,2.3170100246025838,5.146178043024644,1.999989707643914,2.3170102589666866
1.7474949899799597,8.042169229507685,1.9999839156615409,2.33043818104196,5.274824487792176,1.9999894503510245,2.3304468296969265,5.121697753880106,1.9999897566044922,2.330447067076681
1.7635270541082162,8.002021903328707,1.9999839959561934,2.343767688649442,5.251151266373549,1.9999894976974673,2.343776356288067,5.097333917091393,1.9999898053321659,2.3437765966836666
1.7795591182364727,7.962074996682486,1.9999840758500067,2.3569907749536734,5.227584289515974,1.9999895448314209,2.356999460891494,5.073085978696453,1.9999898538280425,2.3569997043023934
1.7955911823647293,7.922327509054344,1.999984155344982,2.3701082896150893,5.204123080397708,1.9999895917538393,2.370116993181494,5.048953387368424,1.9999899020932252,2.3701172396062384
1.8116232464929858,7.882778444924274,1.9999842344431102,2.3831210755052186,5.180767164336961,1.9999896384656712,2.3831297960448463,5.0249355944030984,1.9999899501288112,2.383130045480882
1.8276553106212423,7.843426813742006,1.9999843131463726,2.39602996875969,5.1575160687823045,1.9999896849678624,2.3960387056339907,5.001032053706444,1.9999899979358926,2.3960389580774533
1.8436873747494988,7.804271629902197,1.9999843914567401,2.4088357988307108,5.1343693233030985,1.9999897312613535,2.408844551419661,4.977242221782192,1.9999900455155564,2.4088448068651407
1.8597194388777554,7.765311912719747,1.9999844693761746,2.4215393885389966,5.111326459579979,1.999989777347081,2.4215481562429875,4.9535655577194735,1.9999900928688845,2.4215484146832713
1.875751503006012,7.72654668640524,1.999984546906627,2.434141554125174,5.088387011395388,1.9999898232259772,2.43415033636707,4.930001523180529,1.9999901399969537,2.4341505977928612
1.8917835671342684,7.687974980040488,1.9999846240500398,2.4466431053006374,5.065550514624129,1.9999898688989708,2.446651901528016,4.9065495823884575,1.9999901869008352,2.4466521659276275
1.907815631262525,7.649595827554239,1.999984700808345,2.4590448453003555,5.042816507223983,1.9999899143669855,2.4590536549854516,4.883209202115046,1.9999902335815958,2.4590539223444727
1.9238476953907815,7.61140826769796,1.9999847771834647,2.4713475711279775,5.020184529226363,1.9999899596309416,2.4713563935724974,4.859979851668636,1.9999902800402967,2.471356663873435
1.939879759519038,7.573411344021768,1.999984853177312,2.4835520734107694,4.997654122727001,1.9999900046917545,2.483560907837482,4.8368610028820616,1.9999903262779943,2.4835611811109004
1.9559118236472943,7.535604104850477,1.9999849287917904,2.495659136363309,4.975224831876691,1.9999900495503362,2.4956679821684054,4.813852130100641,1.9999903722957397,2.495668258417305
1.9719438877755509,7.497985603259758,1.9999850040287934,2.507669537935997,4.952896202872059,1.9999900942075943,2.5076783945338907,4.790952710170225,1.9999904180945796,2.5076786737540173
1.9879759519038074,7.460554897052426,1.9999850788902058,2.5195840498642537,4.93066778394638,1.999990138664432,2.5195929166817708,4.768162222425297,1.9999904636755552,2.5195931988680664
2.004008016032064,7.423311048734844,1.9999851533779025,2.531403437717231,4.908539125360451,1.9999901829217492,2.5314123141947658,4.745480148677139,1.9999905090397025,2.531412599341212
2.0200400801603204,7.38625312549343,1.999985227493749,2.543128460946044,4.886509779393475,1.9999902269804413,2.543137346538839,4.722905973202052,1.9999905541880536,2.5431376346382906
2.036072144288577,7.349380199171308,1.9999853012396016,2.5547598729315184,4.864579300334013,1.9999902708413992,2.554768767111085,4.700439182729623,1.9999905991216345,2.5547690581550775
2.0521042084168335,7.312691346245056,1.9999853746173075,2.566298421031461,4.84274724447096,1.9999903145055111,2.566307323287135,4.67807926643106,1.9999906438414672,2.56630761726568
2.06813627254509,7.276185647801571,1.9999854476287044,2.5777448466274433,4.821013170084573,1.9999903579736598,2.577753756468089,4.655825715907573,1.999990688348568,2.577754053369446
2.0841683366733466,7.239862189515062,1.999985520275621,2.589099885171105,4.7993766374375335,1.9999904012467251,2.58910880212697,4.633678025178823,1.9999907326439497,2.5891091019374
2.100200400801603,7.203720061624142,1.9999855925598768,2.6003642662299775,4.777837208766039,1.9999904443255825,2.600373189854705,4.611635690671409,1.9999907767286187,2.600373492558201
2.1162324649298596,7.167758358909044,1.999985664483282,2.611538713563421,4.756394448270966,1.9999904872111034,2.611547643405625,4.589698211207415,1.9999908206035777,2.611547948983623
2.132264529058116,7.131976180668955,1.9999857360476387,2.6226239453648543,4.735047922109035,1.9999905299041558,2.6226328807450376,4.567865087993029,1.999990864269824,2.6226331891870287
2.1482965931863727,7.096372630699449,1.9999858072547385,2.633620673968475,4.713797198384043,1.9999905724056033,2.6336296142825995,4.546135824607189,1.9999909077283509,2.6336299256139046
2.164328657314629,7.060946817270041,1.9999858781063655,2.644529605980391,4.692641847138118,1.9999906147163058,2.644538550726655,4.524509926990302,1.9999909509801461,2.6445388649401935
2.1803607214428857,7.025697853101862,1.999985948604294,2.6553514423635387,4.671581440343026,1.9999906568371193,2.6553603910487658,4.502986903433007,1.999990994026193,2.655360708137063
2.1963927855711423,6.990624855345426,1.9999860187502894,2.6660868784821674,4.650615551891508,1.9999906987688962,2.666095830622486,4.481566264564999,1.999991036867471,2.6660961505775886
2.212424849699399,6.955726945558518,1.999986088546109,2.6767366041459004,4.629743757588657,1.9999907405124848,2.6767455592675184,4.460247523343898,1.9999910795049534,2.6767458820808945
2.2284569138276553,6.921003249684199,1.9999861579935005,2.6873013036533697,4.60896563514334,1.9999907820687297,2.687310261293451,4.439030195044177,1.9999911219396098,2.68731058695588
2.244488977955912,6.886452898028912,1.999986227094204,2.6977816558354224,4.58828076415965,1.9999908234384718,2.697790615543068,4.417913797246143,1.9999911641724055,2.697790944044517
2.260521042084168,6.852075025240696,1.9999862958499495,2.7081783340978984,4.567688726128402,1.9999908646225477,2.708187295435244,4.396897849824966,1.9999912062043004,2.7081876267647274
2.2765531062124245,6.817868770287517,1.9999863642624593,2.7184920064639884,4.547189104418663,1.9999909056217913,2.718500969007411,4.375981874939757,1.99999124803625,2.7185013031528373
2.292585170340681,6.783833276435699,1.999986432333447,2.728723335616155,4.526781484269328,1.9999909464370316,2.7287322989576057,4.355165397022717,1.999991289669206,2.728732635905608
2.3086172344689375,6.749967691228468,1.9999865000646175,2.7388729789376347,4.5064654527807235,1.9999909870690944,2.7388819426860938,4.33444794276831,1.9999913311041144,2.738882282421845
2.324649298597194,6.716271166464604,1.9999865674576671,2.748941588614002,4.486240598906256,1.9999910275188022,2.7489505523365723,4.313829041122507,1.9999913723419178,2.7489508948435817
2.3406813627254506,6.682742858177187,1.9999866345142836,2.758929811723865,4.466106513444087,1.9999910677869732,2.7589387748600256,4.29330822327208,1.9999914133835535,2.758939120138465
2.356713426853707,6.649381926612472,1.9999867012361467,2.7688382900765505,4.446062789028872,1.999991107874422,2.768847252175565,4.272885022633932,1.9999914542299548,2.768847600228071
2.3727454909819636,6.616187536208846,1.9999867676249277,2.778667660351085,4.426109020123501,1.9999911477819599,2.778676620991919,4.2525589748445,1.9999914948820503,2.7786769718092743
2.38877755511022,6.583158855575908,1.9999868336822888,2.7884185541410953,4.4062448030109005,1.999991187510394,2.788427512911131,4.232329617749189,1.9999915353407645,2.788427866483699
2.4048096192384767,6.550295057473639,1.999986899409885,2.7980915979947714,4.386469735785866,1.9999912270605285,2.798100554490568,4.212196491391868,1.9999915756070172,2.798100910808194
2.420841683366733,6.517595318791688,1.9999869648093624,2.8076874134544405,4.366783418346926,1.9999912664331634,2.807696367282588,4.192159138004406,1.999991615681724,2.8076967263344925
2.4368737474949898,6.485058820528754,1.999987029882359,2.8172066170957457,4.347185452388255,1.9999913056290952,2.8172155678738204,4.172217101996273,1.999991655565796,2.817215929648476
2.4529058116232463,6.452684747772075,1.9999870946305045,2.826649820566439,4.327675441391605,1.9999913446491173,2.82665876792406,4.152369929944172,1.9999916952601402,2.8266591324090573
2.468937875751503,6.4204722896770114,1.9999871590554206,2.8360176306247786,4.308252990618291,1.9999913834940188,2.8360265742047743,4.132617170581736,1.9999917347656588,2.8360269413866726
2.4849699398797593,6.3884206394467515,1.999987223158721,2.845310649177539,4.288917707101199,1.9999914221645858,2.845319588637223,4.112958374789264,1.9999917740832505,2.845319958501386
2.501002004008016,6.356528994312089,1.9999872869420114,2.854529473317626,4.2696691996368346,1.9999914606616007,2.8545384083301912,4.0933930955835125,1.9999918132138088,2.854538780860611
2.5170340681362724,6.3247965555113215,1.999987350406889,2.863674695362809,4.250507078777416,1.9999914989858425,2.8636836256173366,4.073920888107526,1.9999918521582238,2.8636840007964377
2.533066132264529,6.293222528270251,1.9999874135549434,2.8727469030893236,4.231430956822986,1.9999915371380863,2.872755828094148,4.054541309620531,1.9999918909173808,2.872756205902578
2.5490981963927855,6.26180612178227,1.9999874763877565,2.88174667956967,4.21244044781357,1.9999915751191044,2.881755598772652,4.035253919487865,1.999991929492161,2.8817559792376906
2.565130260521042,6.230546549188558,1.9999875389069017,2.8906746031024126,4.19353516752137,1.9999916129296649,2.8906835161328956,4.016058279170953,1.9999919678834417,2.8906838992486223
2.5811623246492985,6.199443027558378,1.9999876011139448,2.899531247365419,4.174714733442987,1.999991650570533,2.899540153865626,3.996953952217345,1.9999920060920955,2.8995405396221763
2.597194388777555,6.168494777869457,1.9999876630104443,2.908317181451825,4.1559787647916835,1.9999916880424704,2.908326081074579,3.9779405042507885,1.9999920441189916,2.9083264694613797
2.6132264529058116,6.137701024988481,1.99998772459795,2.917032969905634,4.137326882489681,1.999991725346235,2.9170418623155494,3.959017502961352,1.9999920819649941,2.9170422533211773
2.629258517034068,6.107060997651686,1.9999877858780046,2.9256791727569396,4.118758709160484,1.9999917624825816,2.92568805763173,3.9401845180955943,1.9999921196309638,2.92568845124375
2.6452905811623246,6.07657392844553,1.999987846852143,2.9342563455567805,4.100273869121253,1.9999917994522618,2.934265222588672,3.9214411214467835,1.999992157117757,2.9342656187934657
2.661322645290581,6.0462390537874775,1.9999879075218925,2.942765039411619,4.081871988375199,1.9999918362560232,2.942773908308885,3.902786886845162,1.9999921944262262,2.9427743070914647
2.6773547094188372,6.016055613906875,1.9999879678887722,2.9512058010174504,4.063552694604016,1.999991872894611,2.9512146615060666,3.8842213901482534,1.9999922315572196,2.9512150628498732
2.6933867735470938,5.986022852825926,1.9999880279542943,2.9595791726935436,4.045315617160349,1.9999919093687657,2.9595880245189647,3.86574420923122,1.9999922685115816,2.9595884284056493
2.7094188376753503,5.956140018340743,1.9999880877199634,2.967885692415803,4.027160387060295,1.999991945679226,2.9678945353448687,3.847354923977269,1.999992305290152,2.9678949417540608
2.725450901803607,5.926406362002523,1.999988147187276,2.9761258938497615,4.009086636975938,1.999991981826726,2.9761347276727355,3.829053116268093,1.9999923418937675,2.9761351365817945
2.7414829659318634,5.896821139098797,1.999988206357722,2.984300306383207,3.991094001227916,1.9999920178119976,2.9843091309159466,3.8108383699743666,1.99999237832326,2.984309542299695
2.75751503006012,5.867383608634771,1.9999882652327827,2.9924094551584277,3.9731821157780236,1.9999920536357685,2.992418270244698,3.792710270946289,1.999992414579458,2.992418684075138
2.7735470941883764,5.838093033314777,1.9999883238139333,3.0004538611040923,3.9553506182218436,1.9999920892987635,3.0004626666180183,3.77466840700416,1.999992450663186,3.0004630828640333
2.789579158316633,5.808948679523799,1.999988382102641,3.0084340409910304,3.93759914778142,1.9999921248017045,3.0084428368154255,3.756712367929013,1.999992486575264,3.0084432554424576
2.8056112224448895,5.779949817309101,1.9999884401003654,3.0163505080207482,3.9199273452979515,1.9999921601453094,3.0163592934682057,3.738841745453287,1.9999925223165091,3.0163597144434067
2.821643286573146,5.751095720361948,1.9999884978085594,3.024203771094655,3.9023348532245308,1.9999921953302935,3.0242125454847857,3.721056133251543,1.9999925578877336,3.0242129688998376
2.8376753507014025,5.722385665999411,1.999988555228668,3.0319943348391796,3.8848213156189075,1.9999922303573687,3.032003097886485,3.7033551269312266,1.9999925932897462,3.032003523730466
2.853707414829659,5.693818935146268,1.9999886123621298,3.039722699849156,3.8673863781362874,1.9999922652272437,3.039731451276372,3.6857383240234713,1.999992628523352,3.039731879537363
2.8697394789579156,5.665394812316992,1.9999886692103754,3.047389362719263,3.850029688022163,1.9999922999406239,3.0473981022576715,3.6682053239739503,1.9999926635893521,3.047398532923224
2.885771543086172,5.637112585597835,1.9999887257748288,3.0549948160751303,3.832750894105177,1.9999923344982118,3.055003543465537,3.650755728133765,1.9999926984885437,3.055003976522558
2.9018036072144286,5.608971546628991,1.9999887820569067,3.062539548604132,3.8155496467900134,1.9999923689007064,3.062548263597931,3.6333891397503866,1.9999927332217204,3.06254869903256
2.917835671342685,5.580970990586863,1.9999888380580189,3.070024045085849,3.798425598050331,1.9999924031488039,3.0700327474461844,3.6161051639586286,1.999992767789672,3.070033185243656
2.9338677354709417,5.553110216166401,1.9999888937795676,3.0774487864222158,3.781378401421716,1.9999924372431972,3.0774574759252387,3.5989034077716755,1.9999928021931845,3.077457916069737
2.9498997995991982,5.525388525563543,1.9999889492229488,3.0848142496673385,3.7644077119946755,1.999992471184576,3.0848229261035667,3.581783480072141,1.99999283643304,3.084823368578065
2.9659318637274548,5.497805224457736,1.9999890043895512,3.092120908056994,3.747513186407657,1.9999925049736271,3.0921295712327748,3.5647449916031806,1.9999928705100167,3.0921300160188645
2.9819639278557113,5.470359621994543,1.999989059280756,3.099369231037804,3.7306944828401027,1.9999925386110342,3.0993778807768844,3.5477875549596365,1.99999290442489,3.099378327854591
2.997995991983968,5.443051030768347,1.9999891138979384,3.1065596842960876,3.713951261005533,1.999992572097478,3.1065683204412933,3.5309107845792327,1.999992938178431,3.1065687697888817
3.0140280561122244,5.415878766805127,1.9999891682424664,3.113692729786392,3.697283182144662,1.9999926054336357,3.1137013522014207,3.5141142967338053,1.9999929717714064,3.113701803795181
3.030060120240481,5.38884214954533,1.999989222315701,3.1207688257596966,3.680689909018543,1.999992638620182,3.120777434331028,3.4973977095205826,1.999993005204581,3.120777888145055
3.0460921843687374,5.361940501826825,1.9999892761189964,3.127788426791298,3.6641711059017457,1.9999926716577883,3.1277970214302213,3.4807606428534936,1.9999930384787143,3.127797477436177
3.062124248496994,5.335173149867947,1.9999893296537004,3.134751983858528,3.6477264385755626,1.9999927045471229,3.1347605644531384,3.4642027184545356,1.999993071594563,3.134761022619997
3.07815631262525,5.308539423250611,1.9999893829211535,3.141659944802055,3.631355574321249,1.9999927372888513,3.141668510737021,3.447723559845166,1.9999931045528803,3.141668971046491
3.0941883767535066,5.282038654903531,1.9999894359226902,3.148512753618975,3.615058181913287,1.9999927698836362,3.1485213044180784,3.431322792337745,1.9999931373544153,3.1485217669346928
3.110220440881763,5.2556701810855095,1.9999894886596379,3.155310850649579,3.598833931612692,1.9999928023321367,3.1553193860942135,3.4150000430270153,1.999993169999914,3.1553198508055815
3.1262525050100196,5.229433341368811,1.9999895411333173,3.1620546727157604,3.5826824951603298,1.9999928346350098,3.162063192594417,3.398754940781627,1.9999932024901184,3.1620636594877403
3.142284569138276,5.203327478622622,1.9999895933450427,3.1687446531483947,3.566603545770287,1.9999928667929086,3.1687531572575374,3.382587116235693,1.9999932348257676,3.1687536263195053
3.1583166332665327,5.177351938996596,1.999989645296122,3.1753812218144333,3.55059675812325,1.9999928988064837,3.1753897099594557,3.366496201780396,1.9999932670075964,3.175390181176134
3.174348697394789,5.151506071904468,1.9999896969878561,3.1819648051437124,3.5346618083599277,1.9999929306763833,3.1819732771399853,3.3504818315556273,1.999993299036337,3.1819737504966903
3.1903807615230457,5.125789230007773,1.99998974842154,3.188495826155484,3.5187983740744975,1.9999929624032518,3.188504281829487,3.33454364144167,1.9999933309127171,3.188504757310652
3.2064128256513023,5.100200769199618,1.9999897995984617,3.1949747044846566,3.5030061343080825,1.9999929939877314,3.194983143675204,3.318681269050917,1.999993362637462,3.1949836212642353
3.222444889779559,5.074740048588562,1.9999898505199027,3.201401856407755,3.4872847695422577,1.999993025430461,3.2014102789673173,3.3028943537196365,1.9999933942112926,3.2014107586464355
3.2384769539078153,5.049406430482558,1.999989901187139,3.2077776948685983,3.4716339616925866,1.9999930567320767,3.2077861006647193,3.287182536499765,1.999993425634927,3.2077865824147924
3.254509018036072,5.024199280372984,1.9999899516014392,3.214102629503691,3.4560533941021805,1.9999930878932117,3.214111018420507,3.2715454601507523,1.9999934569090796,3.214111502220869
3.2705410821643284,4.999117966918746,1.9999900017640662,3.2203770666673317,3.4405427515352986,1.9999931189144968,3.2203854386071926,3.255982769131435,1.9999934880344616,3.220385924435453
3.286573146292585,4.974161861930471,1.999990051676276,3.226601409456438,3.4251017201709666,1.9999931497965597,3.226609764341638,3.240494109591952,1.9999935190117808,3.2266102521734727
3.3026052104208414,4.949330340354773,1.9999901013393193,3.23277605773509,3.409729987596626,1.9999931805400248,3.232784395509702,3.225079129365703,1.9999935498417412,3.232784885318638
3.318637274549098,4.9246227802585905,1.9999901507544395,3.2389014081587835,3.394427242801814,1.9999932111455143,3.2389097287906115,3.209737477961337,1.9999935805250442,3.238910220547794
3.3346693386773545,4.90003856281362,1.9999901999228744,3.2449778542875003,3.379193176171873,1.9999932416136477,3.244986157681051,3.1944688065547857,1.9999936110623868,3.2449866513549965
3.350701402805611,4.875577072280813,1.9999902488458554,3.251005786950374,3.3640274794816856,1.999993271945041,3.251014072529124,3.1792727679813315,1.9999936414544641,3.251014568111697
3.3667334669338675,4.851237695994946,1.999990297524608,3.2569855935440293,3.3489298458894354,1.9999933021403082,3.256993860959628,3.1641490167277135,1.9999936717019666,3.2569943585015353
3.382765531062124,4.827019824349292,1.9999903459603514,3.262917658310904,3.333899969930402,1.99999333220006,3.2629259074023467,3.149097208924271,1.9999937018055822,3.262926406890334
3.3987975951903806,4.802922850780333,1.9999903941542985,3.2688023624231612,3.31893754751078,1.999993362124905,3.268810593035691,3.134117002337129,1.9999937317659953,3.268811094456145
3.414829659318637,4.778946171752585,1.9999904421076564,3.27464008400658,3.304042275901524,1.9999933919154482,3.274648295992471,3.1192080563604123,1.9999937615838872,3.274648799331327
3.4308617234468937,4.755089186743473,1.9999904898216265,3.2804311981641967,3.2892138537322286,1.9999934215722925,3.280439391383611,3.1043700320085,1.999993791259936,3.280439896626254
3.44689378757515,4.731351298228286,1.9999905372974036,3.2861760769997,3.274451980985025,1.999993451096038,3.2861842513216213,3.089602591908324,1.9999938207948162,3.2861847584527757
3.4629258517034067,4.707731911665226,1.9999905845361767,3.291875089640579,3.259756358988517,1.999993480487282,3.291883244943824,3.074905400291694,1.9999938501891994,3.2918837539474364
3.4789579158316633,4.684230435480502,1.9999906315391291,3.297528602261021,3.2451266904117313,1.9999935097466193,3.297536738435334,3.0602781229876626,1.999993879443754,3.2975372492944457
3.4949899799599193,4.660846281053521,1.999990678307438,3.303136978104566,3.230562679258108,1.9999935388746415,3.303145095051798,3.0457204274149285,1.9999939085591452,3.303145607748406
3.511022044088176,4.637578862702143,1.9999907248422746,3.3087005775065133,3.2160640308595068,1.9999935678719383,3.308708675141886,3.0312319825742757,1.999993937536035,3.308709189656795
3.5270541082164324,4.614427597668018,1.9999907711448046,3.314219757916075,3.2016304518702494,1.9999935967390963,3.3142278361695348,3.016812459041045,1.9999939663750819,3.3142283524822003
3.543086172344689,4.591391906101976,1.9999908172161878,3.3196948739182903,3.1872616502611804,1.9999936254766995,3.3197029327359546,3.002461528957646,1.999993995076942,3.319703450824312
3.5591182364729455,4.568471211049522,1.999990863057578,3.3251262772556878,3.1729573353137623,1.9999936540853294,3.3251343166013845,2.988178866026102,1.999994023642268,3.3251348364416704
3.575150300601202,4.545664938436368,1.999990908670123,3.3305143168497,3.1587172176141918,1.9999936825655649,3.3305223367066055,2.9739641455006307,1.999994052071709,3.3305228582731643
3.5911823647294585,4.52297251705407,1.9999909540549659,3.335859338821831,3.1445410090475425,1.999993710917982,3.335867339194208,2.9598170441802583,1.9999940803659115,3.3358678624592897
3.607214428857715,4.500393378545711,1.999990999213243,3.3411616866418683,3.1304284227919394,1.9999937391431544,3.341169667429615,2.945737240401476,1.9999941085255193,3.3411701923631583
3.6232464929859716,4.477926957391671,1.9999910441460853,3.346421701344514,3.1163791733127524,1.9999937672416535,3.3464296620448306,2.9317244140309224,1.999994136551172,3.346430188648018
3.639278557114228,4.45557269089546,1.9999910888546182,3.3516397209462094,3.1023929763568208,1.9999937952140472,3.3516476613207584,2.917778246458105,1.999994164443507,3.351648189628986
3.6553106212424846,4.433330019169629,1.9999911333399616,3.356816080738824,3.088469548946703,1.999993823060902,3.3568240006731793,2.903898420588156,1.9999941922031588,3.3568245306729074
3.671342685370741,4.411198385121742,1.9999911776032298,3.3619511133351394,3.074608609374948,1.9999938507827812,3.361959012720168,2.890084620834624,1.9999942198307583,3.361959544397568
3.6873747494989977,4.389177234440422,1.9999912216455311,3.367045148689704,3.0608098771983983,1.9999938783802456,3.3670530274222608,2.8763365331122976,1.9999942473269339,3.367053560763133
3.703406813627254,4.367266015581477,1.9999912654679688,3.372098514119467,3.0470730732325153,1.9999939058538536,3.3721063721031546,2.8626538448300636,1.9999942746923103,3.3721069070928418
3.7194388777555107,4.345464179754077,1.9999913090716406,3.377111534324196,3.0333979195457315,1.999993933204161,3.377119371470199,2.849036244883799,1.9999943019275102,3.3771199080934884
3.7354709418837673,4.323771180907007,1.9999913524576383,3.382084531406687,3.019784139453824,1.9999939604317212,3.3820923476346683,2.8354834236492983,1.9999943290331528,3.3820928858756876
3.751503006012024,4.302186475715003,1.9999913956270485,3.387017824892745,3.006231457514321,1.999993987537085,3.3870256201318227,2.8219950729752354,1.999994356009854,3.3870261599739266
3.7675350701402803,4.280709523565132,1.999991438580953,3.3919117317509637,2.992739599520925,1.999994014520801,3.391919505940758,2.8085708861761542,1.9999943828582276,3.3919200473664075
3.783567134268537,4.259339786543253,1.999991481320427,3.3967665664122766,2.9793082924979686,1.999994041383415,3.396774319504039,2.7952105580254956,1.999994409578884,3.3967748624946683
3.7995991983967934,4.238076729420554,1.999991523846541,3.401582640789302,2.9659372646948845,1.9999940681254706,3.40159037274712,2.7819137847486597,1.9999944361724304,3.4015909172829977
3.81563126252505,4.216919819640132,1.9999915661603607,3.4063602642954662,2.9526262455807175,1.9999940947475088,3.4063679750975533,2.7686802640160977,1.999994462639472,3.406368521157632
3.8316633266533064,4.195868527303668,1.9999916082629454,3.4110997438639137,2.9393749658386423,1.9999941212500683,3.4111074335039833,2.7555096949364373,1.99999448898061,3.4111079810657374
3.847695390781563,4.174922325158146,1.9999916501553496,3.4158013839662016,2.9261831573605193,1.9999941476336853,3.4158090524549256,2.7424017780496412,1.999994515196444,3.4158096014941854
3.8637274549098195,4.154080688582653,1.999991691838623,3.4204654866307753,2.913050553241468,1.9999941738988936,3.420473133997337,2.7293562153202005,1.9999945412875693,3.4204736844881034
3.879759519038076,4.133343095575235,1.9999917333138089,3.425092351622385,2.8999768877744665,1.9999942000462245,3.4250999777549658,2.7163727101303548,1.9999945672545798,3.425100529669222
3.8957915831663326,4.112709026739824,1.9999917745819464,3.42968227649904,2.88696189644498,1.9999942260762071,3.4296898809837266,2.7034509672733513,1.9999945930980654,3.4296904343297663
3.9118236472945886,4.092177965273235,1.9999918156440695,3.4342355562002753,2.8740053159255985,1.999994251989368,3.434243138884452,2.6905906929467305,1.9999946188186142,3.4342436936840026
3.927855711422845,4.071749396952209,1.999991856501206,3.438752483303419,2.8611068840707228,1.9999942777862318,3.438760044110918,2.677791594745646,1.9999946444168104,3.438760600350518
3.9438877755511017,4.05142281012055,1.9999918971543797,3.4432333480478623,2.84826633991125,1.9999943034673202,3.443240886907268,2.665053381656218,1.9999946698932367,3.4432414445731925
3.9599198396793582,4.031197695676296,1.9999919376046087,3.4476784383532366,2.8354834236492983,1.9999943290331528,3.447685955198535,2.652375764048913,1.999994695248472,3.447686514276721
3.9759519038076148,4.011073547058975,1.9999919778529058,3.452088039837404,2.8227578766529486,1.9999943544842467,3.45209553460869,2.639758453671964,1.9999947204830926,3.4520960950846526
3.9919839679358713,3.991049860236919,1.9999920179002795,3.456462435834256,2.8100894414510122,1.999994379821117,3.4564699084785055,2.627201163644811,1.9999947455976728,3.456470470337252
4.008016032064128,3.971126133694633,1.9999920577477326,3.460801907411325,2.7974778617278244,1.9999944050442766,3.460809357883231,2.614703608451581,1.9999947705927832,3.4608099211091607
4.024048096192384,3.9513018684202446,1.9999920973962633,3.465106733387208,2.7849228823180527,1.9999944301542354,3.4651141616500802,2.602265503934595,1.999994795468992,3.4651147262268833
4.040080160320641,3.931576567892992,1.9999921368468643,3.4693771903487973,2.7724242492015394,1.9999944551515016,3.469384596375536,2.5898865672879072,1.9999948202268654,3.469385162286078
4.056112224448897,3.9119497380707986,1.999992176100524,3.4736135526683274,2.7599817094981587,1.999994480036581,3.473620936442463,2.577566517050878,1.999994844866966,3.473621503668665
4.072144288577154,3.892420887377899,1.9999922151582252,3.4778160925202295,2.747595011462703,1.999994504809977,3.477823454037037,2.5653050731017686,1.9999948693898537,3.477824022559747
4.0881763527054105,3.8729895266925207,1.9999922540209467,3.4819850798977985,2.7352639044797864,1.999994529472191,3.4819924191654863,2.553101956651377,1.9999948937960867,3.48199298896434
4.104208416833667,3.853655169334636,1.9999922926896614,3.4861207826296705,2.7229881390587782,1.9999945540237218,3.486128099670646,2.540956890236695,1.9999949180862195,3.4861286707239207
4.1202404809619235,3.834417331053777,1.9999923311653378,3.4902234663961123,2.7107674668287496,1.9999945784650663,3.4902307612483257,2.5288695977146043,1.9999949422608045,3.490231333532783
4.13627254509018,3.815275530016898,1.9999923694489399,3.4942933947451205,2.6986016405334543,1.999994602796719,3.4943006674634915,2.5168398042555933,1.9999949663203915,3.494301240954212
4.152304609218437,3.7962292867963203,1.9999924075414264,3.4983308292386655,2.6864904140263226,1.999994627019172,3.498338079766258,2.5048672363375104,1.9999949902655274,3.4983386544364654
4.168336673346693,3.7772781243577103,1.9999924454437512,3.50233602966436,2.67443354226548,1.9999946511329154,3.5023432574740947,2.4929516217393455,1.9999950140967566,3.5023438333452512
4.18436873747495,3.7584215680481403,1.9999924831568638,3.506309253275955,2.662430781308792,1.9999946751384374,3.506316458404755,2.481092689535038,1.999995037814621,3.5063170354806856
4.200400801603206,3.7396591455841994,1.9999925206817089,3.5102507553803584,2.650481888308928,1.9999946990362234,3.510257937779476,2.469290170087321,1.9999950614196598,3.5102585160475535
4.216432865731463,3.7209903870401635,1.999992558019226,3.5141607892437126,2.6385866215084475,1.999994722826757,3.5141679488694972,2.457543795041584,1.99999508491241,3.5141685283167408
4.232464929859719,3.7024148248362216,1.9999925951703503,3.5180396061073833,2.626744740234907,1.9999947465105194,3.5180467429216744,2.4458532973197795,1.9999951082934053,3.518047323534705
4.248496993987976,3.683931993726776,1.9999926321360126,3.5218874552037676,2.614956004895995,1.9999947700879903,3.5218945691743633,2.434218411114342,1.9999951315631779,3.5218951509393537
4.264529058116232,3.665541430788775,1.9999926689171383,3.525704583771913,2.603220176974679,1.999994793559646,3.5257116748731256,2.4226388718821537,1.9999951547222563,3.5257122577757394
4.280561122244489,3.64724267541013,1.9999927055146491,3.5294912370729645,2.5915370190243836,1.999994816925962,3.529498305286251,2.411114416338518,1.9999951777711673,3.5294988893115704
4.296593186372745,3.6290352692781735,1.9999927419294614,3.5332476584054264,2.5799062946641866,1.9999948401874106,3.5332547037201016,2.3996447824511833,1.9999952007104351,3.533255288852549
4.312625250501002,3.6109187563681813,1.9999927781624873,3.536974089120249,2.5683277685740307,1.9999948633444629,3.536981111534279,2.3882297094343823,1.9999952235405811,3.5369816977575264
4.328657314629258,3.5928926829319514,1.9999928142146342,3.5406707686357413,2.5568012064899697,1.999994886397587,3.5406777681566144,2.3768689377428984,1.9999952462621244,3.5406783554534846
4.344689378757515,3.5749565974864383,1.999992850086805,3.5443379344523045,2.545326375199425,1.9999949093472495,3.5443449110979848,2.36556220906617,1.9999952688755818,3.5443454994503436
4.3607214428857715,3.5571100508024465,1.9999928857798983,3.5479758221669964,2.5339030425364664,1.999994932193915,3.547982775966954,2.354309266322414,1.9999952913814674,3.5479833653555914
4.376753507014028,3.5393525958933783,1.9999929212948082,3.5515846654879213,2.5225309773771185,1.9999949549380454,3.551591596484245,2.3431098536527815,1.9999953137802926,3.5515921868887474
4.3927855711422845,3.5216837880040366,1.999992956632424,3.5551646962484504,2.511209949634679,1.9999949775801007,3.555171604497036,2.3319637164155385,1.999995336072567,3.555172195895652
4.408817635270541,3.504103184599492,1.9999929917936308,3.5587161444245408,2.4999397302550688,1.9999950001205395,3.558723029993095,2.3208706011802818,1.9999953582587977,3.558723622362587
4.424849699398798,3.4866103453539896,1.9999930267793093,3.562239238404572,2.4887200912121923,1.9999950225598175,3.562246101114741,2.3098302557221686,1.9999953803394885,3.562246694430229
4.440881763527054,3.469204832139927,1.9999930615903356,3.565734204713907,2.4775508055033306,1.999995044898389,3.5657410442546555,2.298842429016187,1.999995402315142,3.5657416385437313
4.456913827655311,3.451886209016882,1.999993096227582,3.569201267928159,2.466431647144542,1.9999950671367057,3.5692080842477436,2.2879068712314483,1.9999954241862576,3.569208679517263
4.472945891783567,3.434654042220686,1.9999931306919156,3.5726406508282844,2.4553623911660933,1.9999950892752176,3.572647443904796,2.2770233337255057,1.9999954459533325,3.572648040142436
4.488977955911824,3.4175079001525694,1.9999931649841998,3.576052574414601,2.444342813607908,1.9999951113143728,3.576059344230254,2.2661915690386976,1.9999954676168619,3.5760599414234338
4.50501002004008,3.400447353368347,1.9999931991052933,3.5794372579206697,2.4333726915150318,1.9999951332546169,3.5794440044622684,2.2554113308885277,1.9999954891773382,3.579444602598096
4.521042084168336,3.383471974567662,1.9999932330560508,3.5827949188270543,2.4224518029331286,1.9999951550963941,3.5828016420864843,2.244682374164061,1.9999955106352516,3.582802241151697
4.537074148296592,3.3665813385832815,1.9999932668373228,3.5861257728749525,2.4115799269039813,1.9999951768401463,3.5861324728496946,2.2340044549203486,1.9999955319910903,3.5861330728305996
4.553106212424849,3.3497750223704568,1.9999933004499553,3.5894300340797067,2.400756843461027,1.9999951984863131,3.5894367107733727,2.223377330372887,1.9999955532453393,3.5894373116557827
4.5691382765531054,3.3330526049963174,1.99999333389479,3.5927079147441905,2.3899823336249044,1.9999952200353328,3.59271456816708,2.2128007588920937,1.9999955743984823,3.592715169936248
4.585170340681362,3.3164136676293317,1.9999933671726648,3.595959625472079,2.379256179399024,1.9999952414876412,3.5959662556417533,2.202274499997815,1.999995595451,3.595966858282303
4.6012024048096185,3.299857793528821,1.9999934002844129,3.599185375181,2.368578163765157,1.9999952628436726,3.5991919821228753,2.1917983143538566,1.9999956164033712,3.5991925856187303
4.617234468937875,3.2833845680345157,1.999993433230864,3.6023853711155676,2.357948070679044,1.9999952841038586,3.602391954863524,2.1813719637625435,1.9999956372560725,3.602392559197837
4.633266533066132,3.2669935785561752,1.999993466012843,3.6055598188603093,2.347365685066026,1.99999530526863,3.605566379457312,2.170995211159303,1.9999956580095777,3.605566984612388
4.649298597194388,3.2506844145632487,1.999993498631171,3.6087089223524735,2.3368307928166887,1.9999953263384143,3.6087154598512092,2.1606678206072747,1.9999956786643587,3.60871606580843
4.665330661322645,3.2344566675745945,1.9999935310866648,3.611832883894733,2.326343180782535,1.9999953473136385,3.6118393983582564,2.150389557291948,1.9999956992208854,3.611840005098003
4.681362725450901,3.2183099311482546,1.9999935633801378,3.6149319041677805,2.3159026367716713,1.9999953681947265,3.6149383956701695,2.140160187515818,1.999995719679625,3.6149390031717425
4.697394789579158,3.2022438008712677,1.9999935955123982,3.618006182242816,2.3055089495445107,1.999995388982101,3.618012650869837,2.129979478693077,1.9999957400410426,3.6180132591113763
4.713426853707414,3.1862578743495433,1.9999936274842514,3.621055915593933,2.2951619088095048,1.9999954096761823,3.6210623614437103,2.119847199344325,1.9999957603056013,3.621062970402115
4.729458917835671,3.1703517511977837,1.9999936592964975,3.624081300110404,2.2848613052188838,1.9999954302773895,3.6240877232940956,2.1097631190913058,1.9999957804737618,3.6240883329449405
4.745490981963927,3.154525033029454,1.9999936909499338,3.6270825301088636,2.274606930364425,1.9999954507861393,3.627088930751339,2.0997270086516675,1.9999958005459828,3.6270895410687922
4.761523046092184,3.138777323446808,1.999993722445353,3.630059798528592,2.2643985767732335,1.9999954712028465,3.630066176585916,2.089738639833752,1.9999958205227204,3.630066787542657
4.77755511022044,3.1231082280309557,1.999993753783544,3.6330132968562907,2.254236037903544,1.999995491527924,3.6330196520554616,2.0797977855314054,1.999995840404429,3.6330202636593825
4.793587174348697,3.1075173543319847,1.9999937849652913,3.635943214859846,2.2441191081405454,1.9999955117617838,3.6359495471649317,2.069904219718814,1.9999958601915606,3.6359501594325327
4.809619238476953,3.0920043118591356,1.9999938159913764,3.6388497407927183,2.234047582792217,1.9999955319048344,3.638856050226976,2.060057717445365,1.9999958798845652,3.638856663143887
4.82565130260521,3.076568712071016,1.9999938468625758,3.6417330614068937,2.224021258085189,1.999995551957484,3.641739347992299,2.050258054830533,1.9999958994838904,3.6417399615444115
4.841683366733466,3.061210168365873,1.9999938775796633,3.6445933619652964,2.214039931160618,1.9999955719201377,3.6445996257219107,2.0405050090587875,1.9999959189899819,3.644600239895447
4.857715430861723,3.045928296071909,1.999993908143408,3.6474308262541424,2.2041034000700863,1.9999955917932,3.6474370671994185,2.0307983583745304,1.9999959384032833,3.6474376819810055
4.8737474949899795,3.0307227124376466,1.999993938554575,3.6502456365952436,2.1942114637715107,1.9999956115770725,3.6502518547432605,2.0211378820770487,1.9999959577242359,3.650252470120014
4.889779559118236,3.0155930366223425,1.9999939688139268,3.6530379738582583,2.184363922125079,1.9999956312721558,3.653044169218891,2.0115233605155005,1.999995976953279,3.6530447851785057
4.905811623246493,3.0005388896864496,1.9999939989222206,3.6558080174728977,2.1745605758891986,1.9999956508788481,3.6558141900509082,2.0019545750839205,1.9999959960908498,3.655814806581759
4.921843687374749,2.985559894582125,1.999994028880211,3.658555945441085,2.164801226716466,1.9999956703975466,3.6585620952351414,1.9924313082162477,1.9999960151373837,3.6585627123263884
4.937875751503006,2.9706556761437874,1.9999940586886478,3.6612819343490726,2.1550856771496547,1.9999956898286457,3.6612880613506853,1.9829533433813784,1.9999960340933132,3.661288678992394
4.953907815631262,2.955825861078721,1.9999940883482779,3.6639861593795184,2.1454137306177183,1.9999957091725387,3.663992263571896,1.9735204650782459,1.99999605295907,3.663992881755163
4.969939879759519,2.9410700779577224,1.9999941178598442,3.6666687943235265,2.1357851914318142,1.999995728429617,3.666674875680343,1.964132458830918,1.9999960717350824,3.666675494397433
4.985971943887775,2.926387957205804,1.9999941472240856,3.669330011592652,2.126199864781343,1.9999957476002705,3.669336070076727,1.9547891111837201,1.9999960904217777,3.66933668932122
5.002004008016032,2.9117791310929313,1.9999941764417377,3.671969982230872,2.116657556730011,1.9999957666848864,3.6719760177927583,1.9454902096963858,1.9999961090195806,3.6719766375597067
5.018036072144288,2.8972432337248177,1.9999942055135325,3.6745888759265277,2.107158074211901,1.9999957856838515,3.674594888503001,1.9362355429392204,1.9999961275289142,3.674595508789099
5.034068136272545,2.8827799010337576,1.999994234440198,3.67718686102424,2.09770122502757,1.9999958045975499,3.6771928505366915,1.9270249004882989,1.999996145950199,3.6771934713404555
5.050100200400801,2.8683887707695064,1.9999942632224585,3.6797641045367993,2.088286817840159,1.9999958234263644,3.6797700708895245,1.917858072920679,1.9999961642838542,3.679770692211485
5.066132264529058,2.8540694824902113,1.999994291861035,3.6823207721570297,2.0789146621715213,1.9999958421706756,3.682326715235414,1.908734851809641,1.9999961825302963,3.682327337078319
5.082164328657314,2.839821677553382,1.9999943203566448,3.684857028269641,2.06958456839837,1.9999958608308632,3.6848629479382327,1.8996550297199464,1.9999962006899406,3.684863570307265
5.098196392785571,2.8256449991069075,1.9999943487100018,3.687373035756786,2.06029634774844,1.9999958794073045,3.687378932063527,1.8906184002031239,1.9999962187631997,3.687379554966535
5.114228456913827,2.8115390920801184,1.9999943769218158,3.6898689558727717,2.05104981229667,1.9999958979003754,3.689874829374364,1.8816247577927743,1.9999962367504844,3.6898754527841833
5.130260521042084,2.7975036031748948,1.9999944049927936,3.6923449489681013,2.0418447749613975,1.9999959163104502,3.692350799892206,1.8726738979998994,1.999996254652204,3.692351423719848
5.1462925851703405,2.7835381808568176,1.9999944329236383,3.69480117413074,2.0326810495005794,1.999995934637901,3.6948070025153923,1.8637656173082497,1.9999962724687654,3.6948076267479157
5.162324649298597,2.769642475346361,1.9999944607150493,3.6972377891796184,2.023558450508017,1.999995952883099,3.697243595061908,1.8548997131697025,1.9999962902005737,3.697244219686577
5.1783567134268536,2.755816138610136,1.9999944883677228,3.6996549506750718,2.01447679340961,1.9999959710464132,3.6996607340906698,1.8460759839996512,1.999996307848032,3.6996613590950065
5.19438877755511,2.7420588243521724,1.9999945158823513,3.702052813929225,2.0054358944596182,1.999995989128211,3.7020585749118706,1.837294229172425,1.9999963254115416,3.702059200283709
5.210420841683367,2.7283701880052416,1.999994543259624,3.704431533016323,1.9964355707369472,1.9999960071288585,3.704437271597263,1.8285542490167257,1.999996342891502,3.7044378973248113
5.226452905811623,2.714749886722232,1.9999945705002267,3.706791260783011,1.9874756401414437,1.9999960250487197,3.7067969769903946,1.8198558448110884,1.9999963602883104,3.7067976030622996
5.24248496993988,2.70119757936756,1.9999945976048412,3.7091321488585636,1.978555921390216,1.9999960428881571,3.709137842716789,1.8111988187793642,1.9999963776023624,3.709138469122207
5.258517034068136,2.6877129265086235,1.999994624574147,3.7114543476650645,1.9696762340139615,1.999996060647532,3.711460019194076,1.8025829740862214,1.9999963948340518,3.7114606459227515
5.274549098196393,2.674295590407305,1.9999946514088192,3.713758006427544,1.960836398353318,1.9999960783272033,3.713763655642076,1.7940081148326699,1.9999964119837703,3.7137642826844233
5.290581162324649,2.6609452350115066,1.99999467810953,3.7160432731840656,1.9520362355552283,1.999996095927529,3.7160489000928334,1.7854740460516103,1.9999964290519079,3.716049527440026
5.306613226452906,2.6476615259467393,1.9999947046769482,3.7183102947957716,1.9432755675693205,1.9999961134488649,3.718315899400609,1.7769805737033975,1.9999964460388526,3.7183165270446743
5.322645290581162,2.634444130507746,1.999994731111739,3.7205592169568873,1.9345542171443078,1.9999961308915657,3.7205647992518243,1.7685275046714295,1.9999964629449907,3.7205654271857473
5.338677354709418,2.621292717650167,1.9999947574145647,3.7227901842046838,1.9258720078243987,1.9999961482559843,3.722795744174966,1.760114646757758,1.9999964797707064,3.722796372392797
5.3547094188376745,2.6082069579822464,1.999994783586084,3.7250033399294007,1.9172287639457295,1.999996165542472,3.72500887755045,1.751741808678716,1.9999964965163826,3.725009506047419
5.370741482965931,2.5951865237565923,1.9999948096269524,3.727198826384136,1.908624310632811,1.9999961827513788,3.7272043416204426,1.7434088000605714,1.9999965131823998,3.727204970393086
5.3867735470941875,2.5822310888619557,1.9999948355378223,3.729376784694692,1.9000584737949873,1.9999961998830524,3.729382277498651,1.7351154314351966,1.999996529769137,3.7293829065449366
5.402805611222444,2.56934032881507,1.9999948613193423,3.7315373548693995,1.8915310801229155,1.9999962169378398,3.731542825180068,1.7268615142357604,1.9999965462769715,3.731543454499539
5.418837675350701,2.556513920752521,1.9999948869721584,3.7336806758088947,1.88304195708506,1.9999962339160857,3.7336861235506937,1.7186468607924412,1.9999965627062783,3.733686753144611
5.434869739478957,2.543751543422664,1.9999949124969132,3.7358068852315585,1.8745909329241974,1.9999962508181341,3.735812310397213,1.7104712843281604,1.9999965790574314,3.735812940268711
5.450901803607214,2.531052877177572,1.9999949378942457,3.7379161194504267,1.8661778366539479,1.9999962676443266,3.737921522416618,1.7023345989543348,1.999996595330802,3.737922152562042
5.46693386773547,2.518417603965036,1.999994963164792,3.7400085139515586,1.8578024980553103,1.9999962843950039,3.740013894973517,1.6942366196666498,1.9999966115267607,3.740014525313403
5.482965931863727,2.5058454073205927,1.9999949883091854,3.7420842031764896,1.8494647476732216,1.9999963010705046,3.7420895623011767,1.6861771623408544,1.9999966276456753,3.742090192824215
5.498997995991983,2.493335972359604,1.9999950133280553,3.744143320493727,1.8411644168131251,1.9999963176711664,3.7441486577680734,1.6781560437285723,1.9999966436879126,3.7441492884630514
5.51503006012024,2.4808889857693677,1.9999950382220284,3.7461859982074404,1.832901337537561,1.999996334197325,3.7461913136781493,1.6701730814531393,1.999996659653837,3.7461919445339755
5.531062124248496,2.4685041358012687,1.9999950629917285,3.74821236756609,1.824675342662765,1.9999963506493146,3.748217661279428,1.6622280940054517,1.9999966755438119,3.7482182922851517
5.547094188376753,2.4561811122629753,1.9999950876377754,3.7502225587709996,1.81648626575529,1.9999963670274685,3.7502278307725705,1.6543209007398432,1.9999966913581986,3.750228461917407
5.563126252505009,2.4439196065106645,1.999995112160787,3.7522167009848757,1.8083339411286337,1.9999963833321177,3.752221951319372,1.6464513218699754,1.9999967070973563,3.752222582592728
5.579158316633266,2.4317193114412974,1.999995136561377,3.7541949223402673,1.800218203839889,1.9999963995635923,3.7542001510512075,1.638619178464752,1.999996722761643,3.7542007824427097
5.595190380761522,2.419579921484923,1.999995160840157,3.7561573499479732,1.7921388896864086,1.9999964157222205,3.756162557077415,1.630824292444247,1.999996738351415,3.75616318857694
5.611222444889779,2.407501132597027,1.9999951849977349,3.7581041099053976,1.7840958352024787,1.9999964318083296,3.7581092954936324,1.6230664865756599,1.999996753867027,3.7581099270913416
5.6272545090180355,2.3954826422509163,1.9999952090347155,3.7600353273048506,1.7760888776560153,1.9999964478222447,3.760040491390076,1.6153455844692828,1.999996769308831,3.7600411230764483
5.643286573146292,2.3835241494301416,1.9999952329517012,3.7619511262417986,1.7681178550452685,1.99999646376429,3.7619562688597687,1.6076614105744909,1.999996784677179,3.7619569006256413
5.6593186372745485,2.371625354620958,1.9999952567492907,3.763851629823064,1.760182606095548,1.9999964796347878,3.7638567510067182,1.6000137901757518,1.9999967999724197,3.7638573828433244
5.675350701402805,2.359785959804825,1.9999952804280803,3.765736960174977,1.7522829702559568,1.9999964954340594,3.7657420599540403,1.5924025493886513,1.9999968151949012,3.7657426918530543
5.691382765531062,2.3480056684509405,1.999995303988663,3.7676072384514723,1.7444187876961461,1.9999965111624247,3.767612316852039,1.5848275151559412,1.9999968303449698,3.767612948805622
5.707414829659318,2.3362841855088115,1.9999953274316289,3.7694625848421497,1.7365898993030786,1.9999965268202013,3.769467641886232,1.5772885152436034,1.9999968454229695,3.769468273887081
5.723446893787575,2.3246212174008716,1.9999953507575652,3.7713031185802754,1.7287961466778115,1.9999965424077066,3.771308154285333,1.5697853782369355,1.9999968604292435,3.7713087863267325
5.739478957915831,2.3130164720151196,1.999995373967056,3.773128957950746,1.7210373721322905,1.9999965579252557,3.7731339723291857,1.5623179335366504,1.9999968753641328,3.7731346044050635
5.755511022044088,2.3014696586978105,1.9999953970606825,3.774940220298005,1.7133134186861592,1.9999965733731626,3.7749452133566517,1.5548860113550007,1.9999968902279772,3.7749458454616374
5.771543086172344,2.2899804882461696,1.9999954200390235,3.776737022018652,1.7056241300635842,1.99999658875174,3.7767419937734537,1.547489442711916,1.9999969050211146,3.7767426259029397
5.787575150300601,2.278548672901152,1.9999954429026543,3.778519478454075,1.697969350690091,1.9999966040612986,3.778524429059977,1.5401280594311617,1.9999969197438812,3.7785250612101833
5.803607214428857,2.2671739263402375,1.9999954656521473,3.7802877041043064,1.6903489256894189,1.9999966193021486,3.7802926337196303,1.5328016941365146,1.9999969343966117,3.7802932658560167
5.819639278557114,2.255855963670255,1.9999954882880726,3.7820418125839455,1.6827627008803858,1.9999966344745983,3.782046721263468,1.5255101802479578,1.9999969489796394,3.782047353373107
5.83567134268537,2.244594501420249,1.9999955108109972,3.783781916600943,1.6752105227737695,1.9999966495789545,3.7837868043958793,1.5182533519778934,1.9999969634932961,3.7837874364691695
5.851703406813627,2.2333892575343812,1.999995533221485,3.7855081279639182,1.667692238569201,1.999996664615523,3.7855129949250057,1.511031044327372,1.9999969779379114,3.7855136269524796
5.867735470941883,2.2222399513648634,1.9999955555200972,3.787220557589425,1.6602076961520753,1.9999966795846078,3.7872254037667847,1.5038430930823419,1.999996992313814,3.787226035739124
5.88376753507014,2.2111463036649313,1.9999955777073928,3.7889193155091676,1.6527567440904714,1.9999966944865117,3.788924140952155,1.4966893348099142,1.9999970066213304,3.7889247728602062
5.8997995991983965,2.200108036581846,1.999995599783927,3.790604510877163,1.645339231632088,1.9999967093215367,3.79060931563421,1.4895696068546493,1.9999970208607862,3.7906099474690005
5.915831663326653,2.1891248736499405,1.9999956217502528,3.7922762519768556,1.6379550087011971,1.9999967240899825,3.7922810360953005,1.4824837473348564,1.9999970350325054,3.7922816678480564
5.9318637274549095,2.1781965397836918,1.9999956436069204,3.793934646228183,1.6306039258956035,1.9999967387921482,3.7939394097540884,1.4754315951389123,1.9999970491368098,3.7939400414162527
5.947895791583166,2.1673227612708312,1.9999956653544775,3.795579800194592,1.6232858344836243,1.999996753428331,3.7955845431725503,1.4684129899216007,1.9999970631740203,3.7955851747358063
5.963927855711423,2.1565032657654886,1.9999956869934685,3.7972118195900064,1.616000586401079,1.9999967679988273,3.797216542062935,1.4614277721004643,1.9999970771444557,3.7972171735192246
5.979959919839679,2.145737782281375,1.9999957085244355,3.7988308092857492,1.608748034248293,1.9999967825039315,3.798835511294671,1.4544757828521777,1.9999970910484344,3.79883614263622
5.995991983967936,2.135026041184989,1.9999957299479176,3.800436873317417,1.6015280312871176,1.9999967969439374,3.800441554901227,1.447556864108935,1.9999971048862717,3.80044218612057
6.012024048096192,2.1243677741888707,1.9999957512644517,3.8020301148917106,1.5943404314379586,1.999996811319137,3.8020347760869297,1.440670858554856,1.9999971186582828,3.802035407176936
6.028056112224449,2.113762714344876,1.9999957724745714,3.8036106363932167,1.587185089276821,1.9999968256298215,3.803615277233731,1.4338176096224107,1.9999971323647807,3.8036159081876337
6.044088176352705,2.1032105960374925,1.999995793578808,3.8051785393911515,1.5800618600323688,1.99999683987628,3.805183159907935,1.4269969614888576,1.999997146006077,3.805183790719359
6.060120240480962,2.09271115497719,1.9999958145776902,3.8067339246460525,1.5729705995829941,1.999996854058801,3.806738524866877,1.4202087590727028,1.999997159582482,3.806739155529872
6.076152304609218,2.082264128193796,1.9999958354717435,3.8082768921164365,1.5659111644539012,1.9999968681776712,3.8082814720655613,1.4134528480301711,1.999997173094304,3.8082821025746347
6.092184368737475,2.071869254029914,1.999995856261492,3.809807540965407,1.5588834118142045,1.9999968822331764,3.809812100663257,1.4067290747516987,1.9999971865418504,3.8098127310134084
6.108216432865731,2.0615262721343663,1.9999958769474557,3.811325969563707,1.5518871994740386,1.999996896225601,3.811330509030047,1.4000372863584412,1.9999971999254273,3.811331139216807
6.124248496993988,2.051234923455674,1.999995897530153,3.8128322754093897,1.54492238588168,1.9999969101552282,3.8128367947533426,1.3933773306987953,1.9999972132453385,3.812837424772811
6.140280561122244,2.0409949502355733,1.9999959180100995,3.814326555254363,1.5379888301206848,1.9999969240223399,3.8143310546209133,1.3867490563449407,1.9999972265018873,3.8143316844523345
6.1563126252505,2.0308060960025514,1.999995938387808,3.8158089051124846,1.531086391907037,1.9999969378272162,3.8158133845654576,1.380152312589397,1.999997239695375,3.815814014193712
6.172344689378757,2.020668105565429,1.9999959586637888,3.8172794202309728,1.5242149315863103,1.9999969515701368,3.817283879824791,1.3735869494415973,1.9999972528261012,3.817284509241722
6.188376753507013,2.0105807250069683,1.99999597883855,3.818738195096527,1.517374310130842,1.9999969652513798,3.8187426348859357,1.367052817624477,1.9999972658943648,3.8187432640834245
6.20440881763527,2.0005437016775103,1.9999959989125966,3.820185323441404,1.5105643891369211,1.9999969788712217,3.8201897434814596,1.3605497685710803,1.9999972789004627,3.8201903724514263
6.220440881763526,1.9905567841886498,1.9999960188864316,3.821620898249443,1.5037850308219871,1.9999969924299383,3.821625298595503,1.3540776544211823,1.999997291844691,3.8216259273299062
6.236472945891783,1.9806197224069386,1.999996038760555,3.8230450117620483,1.4970360980218427,1.999997005927804,3.8230493924697555,1.347636328017927,1.999997304727344,3.823050020960594
6.252505010020039,1.970732267447619,1.999996058535465,3.8244577554841257,1.4903174541878785,1.9999970193650916,3.824462116609388,1.3412256429044807,1.9999973175487142,3.8244627448487014
6.268537074148296,1.9608941716683914,1.9999960782116566,3.82585922018997,1.4836289633843103,1.9999970327420733,3.825863561788941,1.3348454533207035,1.9999973303090934,3.825864189768812
6.284569138276552,1.9511051886632125,1.9999960977896227,3.8272494959291143,1.4769704902854288,1.9999970460590195,3.827253818058165,1.328495614199833,1.9999973430087716,3.8272544457707203
6.300601202404809,1.9413650732561225,1.9999961172698535,3.8286286720321288,1.470341900172862,1.9999970593161998,3.8286329747478183,1.3221759811651879,1.9999973556480377,3.828633602185233
6.316633266533065,1.9316735814951045,1.999996136652837,3.8299968371163793,1.4637430589328482,1.999997072513882,3.8300011204754205,1.3158864105268857,1.999997368227179,3.8300017476299213
6.332665330661322,1.9220304706459759,1.9999961559390587,3.8313540790917435,1.4571738330535247,1.999997085652334,3.8313583431509635,1.3096267592785715,1.9999973807464815,3.83135897001483
6.348697394789578,1.9124354991863064,1.9999961751290016,3.832700485166281,1.4506340896222234,1.9999970987318207,3.8327047299825776,1.3033968850941715,1.9999973932062298,3.832705356548149
6.364729458917835,1.9028884267993722,1.9999961942231463,3.834036141851866,1.444123696322785,1.9999971117526074,3.8340403674821575,1.2971966463246554,1.9999974056067074,3.834040993741836
6.3807615230460915,1.8933890143681336,1.9999962132219713,3.8353611349697734,1.43764252143288,1.999997124714957,3.8353653414709448,1.2910259019948136,1.999997417948196,3.835365967417202
6.396793587174348,1.8839370239692466,1.9999962321259521,3.8366755496562286,1.4311904338213433,1.9999971376191323,3.8366797370850696,1.2848845118000534,1.9999974302309764,3.8366803627104513
6.4128256513026045,1.8745322188671072,1.9999962509355622,3.8379794703679133,1.4247673029455223,1.9999971504653942,3.8379836387810524,1.2787723361032102,1.9999974424553277,3.8379842640781874
6.428857715430861,1.8651743635079179,1.999996269651273,3.839272980887433,1.4183729988486355,1.9999971632540023,3.839277130341264,1.2726892359313697,1.9999974546215282,3.83927775530287
6.444889779559118,1.8558632235137897,1.999996288273553,3.840556164328728,1.4120073921571414,1.9999971759852158,3.8405602948793467,1.2666350729727118,1.9999974667298541,3.8405609194982393
6.460921843687374,1.8465985656768718,1.9999963068028686,3.8418291031357414,1.405670354078124,1.9999971886592918,3.841833214845596,1.2606097095733608,1.9999974787805808,3.841833839114698
6.476953907815631,1.837380157953512,1.9999963252396842,3.843091879093948,1.3993617563966834,1.9999972012764873,3.8430959720314206,1.25461300873426,1.9999974907739826,3.843096595942685
6.492985971943887,1.8282077694584429,1.999996343584461,3.8443445733406305,1.393081471473345,1.999997213837057,3.8443486475671738,1.2486448341080552,1.9999975027103318,3.8443492711122196
6.509018036072144,1.8190811704589989,1.999996361837659,3.845587266365422,1.3868293722414748,1.9999972263412555,3.845591321940415,1.2427050499959935,1.9999975145899,3.845591945111941
6.5250501002004,1.8100001323693637,1.9999963799997353,3.846820038015522,1.3806053322047096,1.9999972387893357,3.846824074998148,1.2367935213448398,1.9999975264129572,3.8468246977889318
6.541082164328657,1.8009644277448447,1.9999963980711446,3.848042967500878,1.3744092254343971,1.9999972511815491,3.848046985950042,1.230910113743804,1.9999975381797725,3.848047608352946
6.557114228456913,1.7919738302761776,1.9999964160523394,3.8492561333993236,1.3682409265670483,1.9999972635181469,3.8492601333735634,1.225054693421488,1.999997549890613,3.8492607553815446
6.57314629258517,1.783028114783855,1.9999964339437704,3.850459613661686,1.3621003108018013,1.9999972757993785,3.850463595219074,1.2192271272428403,1.9999975615457455,3.850464216825194
6.589178356713426,1.7741270572124899,1.9999964517458855,3.851653485616857,1.355987253897895,1.9999972880254921,3.8516574488148954,1.2134272827061312,1.9999975731454347,3.8516580700123306
6.605210420841683,1.765270434625201,1.9999964694591308,3.852837825976827,1.3499016321721573,1.9999973001967357,3.8528417708723333,1.20765502793994,1.999997584689944,3.852842391654387
6.621242484969939,1.7564580251980322,1.9999964870839495,3.8540127108416837,1.3438433224965014,1.999997312313355,3.85401663749067,1.2019102317001567,1.9999975961795367,3.8540172578507836
6.637274549098196,1.7476896082143938,1.9999965046207835,3.8551782157045817,1.337812202295435,1.9999973243755955,3.8551821241621225,1.1961927633669962,1.9999976076144732,3.85518274409389
6.6533066132264524,1.7389649640595375,1.999996522070072,3.8563344154566717,1.33180814954358,1.999997336383701,3.8563383057767635,1.1905024929420314,1.9999976189950142,3.856338925273946
6.669338677354709,1.7302838742150526,1.9999965394322516,3.857481384392002,1.3258310427632038,1.9999973483379145,3.8574852566274127,1.1848392910452339,1.999997630321418,3.857485875683952
6.6853707414829655,1.721646121253395,1.9999965567077576,3.8586191962123837,1.3198807610217618,1.999997360238478,3.858623050414492,1.1792030289120359,1.9999976415939422,3.85862366902453
6.701402805611222,1.7130514888324404,1.9999965738970222,3.8597479240322254,1.3139571839294495,1.999997372085632,3.8597517602508495,1.1735935783903986,1.9999976528128431,3.859752378408745
6.717434869739479,1.7044997616900672,1.9999965910004767,3.860867640383336,1.3080601916367682,1.9999973838796168,3.8608714586665536,1.168010811937903,1.999997663978376,3.8608720763668996
6.733466933867735,1.6959907256387645,1.9999966080185487,3.8619784172196976,1.3021896648320987,1.9999973956206702,3.86198221761365,1.1624546026188445,1.9999976750907948,3.8619828348512963
6.749498997995992,1.6875241675602664,1.999996624951665,3.863080325922205,1.2963454847392895,1.9999974073090305,3.8630841084708942,1.1569248241013523,1.999997686150352,3.8630847252409666
6.765531062124248,1.6790998754002153,1.9999966418002493,3.864173437303377,1.2905275331152506,1.9999974189449339,3.8641772020484475,1.1514213506545128,1.9999976971572986,3.8641778183463726
6.781563126252505,1.6707176381628506,1.9999966585647238,3.8652578216120386,1.2847356922475635,1.9999974305286154,3.865261568592548,1.1459440571455128,1.9999977081118858,3.8652621844140764
6.797595190380761,1.6623772459057224,1.9999966752455083,3.866333548508113,1.2789698449520985,1.9999974420603102,3.8663372777901492,1.1404928190367942,1.9999977190143619,3.866337893131381
6.813627254509018,1.654078489734439,1.9999966918430205,3.867400687069859,1.273229874570644,1.999997453540251,3.8674043987722424,1.1350675123832223,1.9999977298649751,3.867405013625611
6.829659318637274,1.6458211617974265,1.9999967083576764,3.8684593058639085,1.2675156649685464,1.99999746496867,3.8684630000692097,1.129668013829266,1.9999977406639724,3.868463614419292
6.845691382765531,1.637605055280729,1.9999967247898895,3.8695094729100967,1.26182710053236,1.9999974763457988,3.8695131496781436,1.1242942006061964,1.9999977514115987,3.8695137635187646
6.861723446893787,1.6294299644028267,1.9999967411400712,3.87055125568532,1.2561640661675089,1.9999974876718676,3.8705549150757736,1.118945950529293,1.9999977621080989,3.8705555284008217
6.877755511022044,1.6212956844094821,1.9999967574086313,3.871584721127899,1.2505264472959559,1.9999974989471054,3.8715883632002,1.1136231419950653,1.999997772753716,3.8715889760036344
6.8937875751503,1.6132020115686105,1.999996773595977,3.872609935641912,1.2449141298538875,1.9999975101717402,3.872613560455226,1.1083256539784896,1.999997783348692,3.8726141727310806
6.909819639278557,1.6051487431651814,1.9999967897025137,3.873626965101497,1.239327000289403,1.9999975213459995,3.873630572714651,1.1030533660302562,1.999997793893268,3.873631184457041
6.925851703406813,1.5971356774961354,1.999996805728645,3.874635874855121,1.2337649455602206,1.999997532470109,3.8746394653265384,1.0978061582740304,1.9999978043876834,3.8746400765296665
6.94188376753507,1.589162613865337,1.9999968216747723,3.87563672972982,1.2282278531313855,1.9999975435442938,3.875640303117447,1.0925839114037288,1.999997814832177,3.8756409137756123
6.9579158316633265,1.5812293525785446,1.9999968375412949,3.876629594035411,1.2227156109729977,1.999997554568778,3.8766331503966382,1.087386506680803,1.9999978252269865,3.8766337605042422
6.973947895791583,1.5733356949384114,1.99999685332861,3.877614531568667,1.217228107557943,1.999997565543785,3.8776180709602457,1.082213825931544,1.9999978355723482,3.8776186805118025
6.989979959919839,1.5654814432395103,1.9999968690371135,3.8785916056174723,1.211765231859636,1.9999975764695364,3.8785951280954234,1.0770657515443915,1.9999978458684968,3.878595737085567
7.006012024048095,1.5576664007633751,1.9999968846671985,3.879560878964939,1.2063268733497747,1.9999975873462532,3.8795643845844556,1.0719421664672637,1.999997856115667,3.879564993007953
7.022044088176352,1.5498903717735808,1.9999969002192564,3.880522413893502,1.200912921996106,1.999997598174156,3.8805259027088463,1.0668429542048918,1.9999978663140916,3.8805265105606046
7.038076152304608,1.5421531615108397,1.999996915693677,3.8814762721889826,1.195523268260195,1.9999976089534635,3.8814797442533733,1.061767998816174,1.9999978764640023,3.881480351528455
7.054108216432865,1.53445457618812,1.9999969310908476,3.8824225151446234,1.1901578030952127,1.9999976196843938,3.882425970510119,1.0567171849115389,1.9999978865656303,3.882426577203751
7.070140280561121,1.5267944229857962,1.999996946411154,3.8833612035651,1.1848164179437282,1.999997630367164,3.8833646422824697,1.0516903976503207,1.9999978966192047,3.8833652483900605
7.086172344689378,1.519172510046816,1.99999696165498,3.8842923977704995,1.1794990047355125,1.9999976410019906,3.884295819889091,1.0466875227381496,1.9999979066249545,3.884296425406241
7.102204408817634,1.511588646471899,1.999996976822707,3.8852161576002775,1.1742054558853514,1.9999976515890883,3.8852195631678725,1.041708446424352,1.9999979165831072,3.885220168090392
7.118236472945891,1.5040426423147515,1.9999969919147154,3.8861325424171853,1.1689356642908693,1.9999976621286715,3.88613593147985,1.036753055499364,1.999997926493889,3.8861365358037743
7.134268537074147,1.4965343085773135,1.9999970069313828,3.8870416110952872,1.163689523330363,1.9999976726209534,3.8870449837130976,1.0318212372921596,1.9999979363575253,3.887045587434704
7.150300601202404,1.4890634572050203,1.9999970218730856,3.8879434220035596,1.1584669268606431,1.9999976830661463,3.8879467782865973,1.0269128796676843,1.9999979461742408,3.8879473814014807
7.1663326653306605,1.4816299010820955,1.9999970367401978,3.888838033082361,1.1532677692148865,1.9999976934644617,3.888841373122513,1.0220278710243107,1.999997955944258,3.8888419756151498
7.182364729458917,1.4742334540268642,1.999997051533092,3.8897255018123356,1.1480919452005,1.9999977038161096,3.889728825671137,1.0171661002912977,1.9999979656677995,3.889729427536101
7.1983967935871735,1.4668739307870873,1.9999970662521385,3.8906058852153693,1.14293935009699,1.9999977141213,3.8906091929540603,1.012327456926266,1.999997975345086,3.8906097941860045
7.21442885771543,1.459551147035327,1.999997080897706,3.891479239858291,1.1378098796538445,1.9999977243802407,3.89148253153776,1.0075118309126847,1.999997984976338,3.89148313213141
7.230460921843687,1.4522649193643244,1.9999970954701614,3.8923456218565513,1.1327034300884262,1.99999773459314,3.892348897537258,1.00271911275737,1.9999979945617745,3.892349497487419
7.246492985971943,1.4450150652824088,1.9999971099698695,3.893205086877875,1.127619898083867,1.9999977447602038,3.8932083466197662,0.9979491934879956,1.999998004101613,3.893208945921335
7.2625250501002,1.4378014032089266,1.9999971243971937,3.8940576901458863,1.1225591807869848,1.9999977548816383,3.8940609340083094,0.9932019646506152,1.9999980135960707,3.894061532656278
7.278557114228456,1.4306237524696923,1.999997138752495,3.8949034864437113,1.1175211758061963,1.9999977649576484,3.8949067144853156,0.9884773183071939,1.9999980230453633,3.8949073124747864
7.294589178356713,1.4234819332924666,1.9999971530361333,3.8957425301175563,1.1125057812094488,1.9999977749884377,3.8957457423961905,0.9837751470331596,1.999998032449706,3.895746339722383
7.310621242484969,1.4163757668024501,1.9999971672484664,3.896574875080259,1.1075128955221571,1.999997784974209,3.8965780716528613,0.979095343914955,1.9999980418093122,3.896578668311125
7.326653306613226,1.4093050750178038,1.99999718138985,3.8974005748148195,1.10254241772515,1.9999977949151646,3.8974037557372982,0.9744378025476103,1.9999980511243949,3.8974043517231247
7.342685370741482,1.4022696808451933,1.9999971954606384,3.8982196823779054,1.0975942472526266,1.9999978048115055,3.8982228477050125,0.9698024170323213,1.999998060395166,3.8982234430140488
7.358717434869739,1.3952694080753518,1.9999972094611838,3.8990322504033337,1.092668283990122,1.999997814663432,3.8990354001885312,0.9651890819740441,1.999998069621836,3.899035994816593
7.374749498997995,1.3883040813786662,1.9999972233918373,3.899838331105533,1.0877644282724819,1.9999978244711434,3.899841465400849,0.9605976924790961,1.999998078804615,3.8998420593439365
7.390781563126252,1.3813735263007891,1.9999972372529473,3.9006379762829804,1.0828825808818439,1.9999978342348383,3.9006410951388557,0.9560281441527728,1.9999980879437116,3.900641688393169
7.406813627254508,1.3744775692582643,1.9999972510448616,3.9014312373216162,1.0780226430456334,1.999997843954714,3.901434340786745,0.9514803330969747,1.9999980970393338,3.901434933348701
7.422845691382765,1.367616037534183,1.999997264767925,3.9022181651982395,1.0731845164345637,1.999997853630967,3.902221253319397,0.9469541559078417,1.9999981060916883,3.9022218451856476
7.4388777555110215,1.360788759273857,1.9999972784224815,3.9029988104838798,1.0683681031606438,1.9999978632637936,3.903001883305742,0.942449509673406,1.9999981151009807,3.903002474473193
7.454909819639278,1.3539955634805125,1.999997292008873,3.903773223347151,1.063573305775204,1.9999978728533885,3.903776280912103,0.9379662919712504,1.999998124067416,3.9037768713779344
7.4709418837675345,1.3472362800110118,1.99999730552744,3.904541453557582,1.058800027266918,1.9999978823999454,3.9045444959055158,0.9335044008661788,1.9999981329911982,3.9045450856672033
7.486973947895791,1.340510739571587,1.999997318978521,3.9053035504889264,1.0540481710598448,1.9999978919036578,3.9053065776570297,0.9290637349078997,1.99999814187253,3.9053071667123667
7.503006012024048,1.3338187737136027,1.9999973323624525,3.906059563122457,1.0493176410114708,1.999997901364718,3.906062575144988,0.924644193128719,1.9999981507116138,3.906063163492111
7.519038076152304,1.327160214829335,1.9999973456795703,3.906809540050236,1.0446083414107685,1.9999979107833172,3.906812536958289,0.9202456750412444,1.99999815950865,3.9068131245957
7.535070140280561,1.3205348961477759,1.9999973589302078,3.907553529445911,1.039920176976256,1.999997920159646,3.9075565112996262,0.9158680806361007,1.9999981682638388,3.907557098226222
7.551102204408817,1.313942651730456,1.9999973721146966,3.908291579042239,1.035253052854073,1.9999979294938943,3.9082945459886598,0.9115113103796548,1.9999981769773791,3.9082951322010384
7.567134268537074,1.3073833164672861,1.999997385233367,3.9090237362568048,1.0306068746160593,1.9999979387862508,3.909026688403797,0.9071752652117547,1.9999981856494695,3.909027273880758
7.58316633266533,1.3008567260724235,1.9999973982865478,3.9097500481321057,1.0259815482578436,1.9999979480369035,3.9097529855390722,0.9028598465434757,1.999998194280307,3.909753570276338
7.599198396793587,1.2943627170801582,1.9999974112745658,3.9104705613351607,1.0213769801969452,1.9999979572460396,3.9104734840612614,0.8985649562548788,1.9999982028700876,3.9104740680546084
7.615230460921843,1.2879011268408163,1.9999974241977463,3.9111853221605415,1.0167930772708758,1.9999979664138454,3.911188230264641,0.89429049669278,1.9999982114190067,3.911188813509904
7.6312625250501,1.281471793516688,1.9999974370564129,3.911894376533377,1.0122297467352592,1.9999979755405066,3.911897270073988,0.8900363706685309,1.9999982199272586,3.911897852567068
7.647294589178356,1.2750745560779753,1.999997449850888,3.912597770012339,1.007686896261951,1.9999979846262075,3.912600649047563,0.8858024814558065,1.999998228395037,3.91260123078443
7.663326653306613,1.268709254298755,1.9999974625814914,3.9132955477926084,1.0031644339371728,1.999997993671132,3.9132984123800703,0.8815887327884087,1.9999982368225344,3.913298993356771
7.679358717434869,1.2623757287529696,1.9999974752485425,3.9139877547088173,0.9986622682596518,1.9999980026754636,3.9139906049055933,0.8773950288580759,1.9999982452099423,3.913991185118259
7.695390781563126,1.2560738208104316,1.9999974878523583,3.914674435237975,0.9941803081387691,1.9999980116393836,3.914677271100516,0.8732212743123039,1.9999982535574514,3.9146778505453708
7.7114228456913825,1.2498033726328521,1.9999975003932546,3.91535563350237,0.9897184628927184,1.9999980205630743,3.91535845508642,0.8690673742521803,1.9999982618652514,3.9153590337597866
7.727454909819639,1.2435642271698877,1.9999975128715457,3.9160313932724558,0.9852766422466688,1.9999980294467155,3.9160342006329643,0.8649332342302246,1.9999982701335315,3.916034778531275
7.7434869739478955,1.237356228155205,1.9999975252875437,3.916701757969714,0.9808547563309407,1.9999980382904874,3.9167045511607417,0.8608187602482417,1.9999982783624795,3.9167051282805474
7.759519038076152,1.2311792201025686,1.9999975376415597,3.9173667706695032,0.9764527156791851,1.9999980470945686,3.9173695497441203,0.8567238587551844,1.9999982865522825,3.9173701260821012
7.775551102204409,1.225033048301946,1.9999975499339033,3.9180264741038835,0.9720704312265762,1.9999980558591375,3.9180292391140643,0.8526484366450268,1.9999982947031267,3.9180298146670403
7.791583166332665,1.2189175588156327,1.9999975621648824,3.9186809106644276,0.967707814308007,1.9999980645843713,3.918683661660934,0.8485924012546461,1.9999983028151975,3.9186842364258765
7.807615230460921,1.2128325984743986,1.999997574334803,3.9193301224050083,0.963364776656296,1.9999980732704468,3.919332859437271,0.8445556603617171,1.9999983108886792,3.9193334334113166
7.823647294589177,1.206778014873647,1.9999975864439703,3.9199741510445754,0.9590412304004019,1.9999980819175391,3.9199768741605636,0.8405381221826146,1.9999983189237556,3.9199774473410254
7.839679358717434,1.2007536563696024,1.9999975984926872,3.920613037969907,0.9547370880636467,1.999998090525824,3.9206157472159924,0.8365396953703268,1.9999983269206092,3.9206163196003763
7.85571142284569,1.19475937207551,1.9999976104812558,3.92124682423835,0.950452262561942,1.9999980990954749,3.9212495196591632,0.8325602890123781,1.999998334879422,3.9212500912451818
7.871743486973947,1.1887950118578576,1.9999976224099763,3.9218755505805407,0.9461866672020328,1.9999981076266655,3.921878232218818,0.8285998126287621,1.9999983428003747,3.9218788030044065
7.887775551102203,1.182860426332614,1.9999976342791472,3.922499257403108,0.9419402156797375,1.9999981161195686,3.9225019252995303,0.8246581761698843,1.9999983506836476,3.9225024952828647
7.90380761523046,1.1769554668614883,1.9999976460890663,3.9231179847913618,0.9377128220782055,1.9999981245743559,3.9231206389843867,0.8207352900145152,1.9999983585294199,3.923121208163899
7.9198396793587165,1.1710799855482075,1.999997657840029,3.923731772511966,0.9335044008661788,1.9999981329911982,3.9237344130376473,0.8168310649677516,1.99999836633787,3.923734981412047
7.935871743486973,1.1652338352348102,1.9999976695323296,3.924340659980542,0.9293148668962592,1.999998141370266,3.924343286907394,0.8129454122589894,1.9999983741091756,3.924343854475686
7.9519038076152295,1.159416869497966,1.999997681166261,3.924944686250822,0.9251441354031884,1.9999981497117292,3.924947299727837,0.8090782435399047,1.999998381843513,3.9249478664859554
7.967935871743486,1.153628942645301,1.9999976927421148,3.9255438901255864,0.9209921220021299,1.999998158015756,3.9255464902619255,0.8052294708824451,1.9999983895410582,3.925547056192522
7.983967935871743,1.1478699097117548,1.9999977042601806,3.926138310099491,0.9168587426869647,1.9999981662825146,3.9261408969663156,0.8013990067768311,1.9999983972019864,3.926141462067173
8.0,1.1421396264559456,1.9999977157207471,3.926727984359443,0.912743913828589,1.9999981745121724,3.9267305580294702,0.7975867641295651,1.9999984048264718,3.9267311222986656
